N# number (with link),Quantity,Year,Gregorian year,Title,Issuer,Grade
N# 9238,1,1383,2004,1 Afghani,Afghanistan,AU
N# 9239,1,1383,2004,2 Afghanis,Afghanistan,AU
N# 9240,1,1383,2004,5 Afghanis,Afghanistan,AU
N# 26509,1,2013,2013,1 Lek (Magnetic),Albania,AU
N# 2691,1,2011,2011,5 Lekë (Magnetic),Albania,AU
N# 26510,1,2013,2013,10 Lekë (Magnetic),Albania,AU
N# 48805,1,2012,2012,20 Lekë (Magnetic),Albania,AU
N# 2876,1,2000,2000,50 Lekë,Albania,AU
N# 6531,1,2000,2000,100 Lekë,Albania,AU
N# 2453,1,1383,1964,2 Centimes,Algeria,XF
N# 2695,1,1974,1974,5 Centimes (FAO),Algeria,F
N# 1754,1,1383,1964,50 Centimes,Algeria,F
N# 2925,1,1391,1971,50 Centimes,Algeria,VF
N# 2457,1,1383,1964,1 Dinar,Algeria,VG
N# 68390,1,2014,2014,10 Euro Cents,Andorra,AU
N# 2933,1,1968,1968,2.50 Escudos,Angola,VF
N# 5224,1,1939,1939,1 Centavo,Argentina,XF
N# 5224,1,1940,1940,1 Centavo,Argentina,VF
N# 5224,1,1940,1940,1 Centavo,Argentina,VF
N# 3239,1,1939,1939,2 Centavos,Argentina,AU
N# 3239,1,1946,1946,2 Centavos,Argentina,VF
N# 3240,1,1924,1924,5 Centavos,Argentina,F
N# 3240,1,1942,1942,5 Centavos,Argentina,XF
N# 3241,1,1948,1948,5 Centavos,Argentina,XF
N# 3242,1,1951,1951,5 Centavos (reeded edge),Argentina,VF
N# 3242,1,1952,1952,5 Centavos (reeded edge),Argentina,XF
N# 3242,1,1953,1953,5 Centavos (reeded edge),Argentina,XF
N# 4835,1,1956,1956,5 Centavos (smaller head; smooth edge),Argentina,VF
N# 2594,1,1921,1921,10 Centavos,Argentina,F
N# 2594,1,1927,1927,10 Centavos,Argentina,
N# 2594,1,1928,1928,10 Centavos,Argentina,VG
N# 2594,1,1937,1937,10 Centavos,Argentina,F
N# 2594,1,1942,1942,10 Centavos,Argentina,F
N# 3248,1,1944,1944,10 Centavos,Argentina,F
N# 3248,1,1946,1946,10 Centavos,Argentina,XF
N# 3248,1,1949,1949,10 Centavos,Argentina,VF
N# 3250,1,1951,1951,10 Centavos (reeded edge),Argentina,
N# 3250,1,1952,1952,10 Centavos (reeded edge),Argentina,VF
N# 8075,1,1953,1953,10 Centavos (larger head; smooth edge),Argentina,VF
N# 3820,1,1954,1954,10 Centavos (smaller head; smooth edge),Argentina,VF
N# 4570,1,1957,1957,10 Centavos,Argentina,AU
N# 4570,1,1958,1958,10 Centavos,Argentina,XF
N# 3252,1,1906,1906,20 Centavos,Argentina,VG
N# 3252,1,1907,1907,20 Centavos,Argentina,
N# 3252,1,1909,1909,20 Centavos,Argentina,VG
N# 3252,1,1915,1915,20 Centavos,Argentina,F
N# 1281,1,1948,1948,20 Centavos,Argentina,F
N# 1281,1,1950,1950,20 Centavos,Argentina,F
N# 4577,1,1950,1950,20 Centavos (José San Martin),Argentina,XF
N# 3253,1,1951,1951,20 Centavos (non magnetic; reeded edge),Argentina,VF
N# 3253,2,1952,1952,20 Centavos (non magnetic; reeded edge),Argentina,VF
N# 8092,1,1952,1952,20 Centavos (magnetic; larger head; smooth edge),Argentina,VF
N# 8092,1,1953,1953,20 Centavos (magnetic; larger head; smooth edge),Argentina,VF
N# 4132,1,1956,1956,20 Centavos (smaller head; smooth edge),Argentina,XF
N# 3254,1,1958,1958,20 Centavos,Argentina,XF
N# 3258,1,1953,1953,50 Centavos,Argentina,VF
N# 3258,1,1956,1956,50 Centavos,Argentina,
N# 3259,1,1958,1958,50 Centavos,Argentina,VF
N# 3259,1,1960,1960,50 Centavos,Argentina,AU
N# 2818,1,1957,1957,1 Peso,Argentina,AU
N# 2818,1,1958,1958,1 Peso,Argentina,XF
N# 2818,1,1960,1960,1 Peso,Argentina,VF
N# 3262,1,1960,1960,1 Peso (May Revolution),Argentina,AU
N# 1015,1,1961,1961,5 Pesos,Argentina,AU
N# 955,1,1963,1963,10 Pesos,Argentina,VF
N# 955,1,1964,1964,10 Pesos,Argentina,AU
N# 955,1,1968,1968,10 Pesos,Argentina,
N# 3999,1,1966,1966,10 Pesos (Declaration of Independence),Argentina,VF
N# 5190,1,1968,1968,25 Pesos (First Issue of National Coinage in 1813),Argentina,XF
N# 3236,1,1970,1970,1 Centavo,Argentina,XF
N# 3236,1,1972,1972,1 Centavo,Argentina,
N# 3243,1,1972,1972,5 Centavos,Argentina,XF
N# 3243,1,1973,1973,5 Centavos,Argentina,
N# 3243,1,1974,1974,5 Centavos,Argentina,VF
N# 2215,1,1970,1970,10 Centavos,Argentina,VF
N# 2215,1,1971,1971,10 Centavos,Argentina,XF
N# 2215,1,1971,1971,10 Centavos,Argentina,
N# 2215,1,1974,1974,10 Centavos,Argentina,
N# 3255,1,1970,1970,20 Centavos,Argentina,
N# 3255,1,1974,1974,20 Centavos,Argentina,AU
N# 3255,1,1975,1975,20 Centavos,Argentina,
N# 2218,1,1970,1970,50 Centavos,Argentina,XF
N# 2218,1,1974,1974,50 Centavos,Argentina,AU
N# 5227,1,1974,1974,1 Peso,Argentina,
N# 5227,1,1975,1975,1 Peso,Argentina,XF
N# 5227,1,1975,1975,1 Peso,Argentina,
N# 5227,1,1976,1976,1 Peso,Argentina,XF
N# 5228,1,1976,1976,5 Pesos,Argentina,XF
N# 5229,1,1977,1977,10 Pesos,Argentina,
N# 5229,1,1978,1978,10 Pesos,Argentina,XF
N# 5232,1,1978,1978,50 Pesos (Soccer),Argentina,XF
N# 5233,1,1978,1978,50 Pesos (José de San Martín),Argentina,XF
N# 5235,1,1979,1979,50 Pesos (non-magnetic),Argentina,VF
N# 5237,1,1980,1980,100 Pesos (non-magnetic),Argentina,VF
N# 8117,1,1981,1981,100 Pesos (magnetic),Argentina,VF
N# 3260,1,1983,1983,50 Centavos,Argentina,VF
N# 5240,1,1985,1985,5 Pesos,Argentina,VF
N# 5241,1,1985,1985,10 Pesos,Argentina,XF
N# 220134,1,,1984-1985,5000 Pesos Argentinos,Argentina,
N# 367101,1,1986,1986,1 Centavo (Weight 3 g),Argentina,AU
N# 3245,1,1985,1985,5 Centavos (Weight 5 g),Argentina,XF
N# 3245,1,1986,1986,5 Centavos (Weight 5 g),Argentina,F
N# 367103,1,1987,1987,5 Centavos (Weight 4 g),Argentina,XF
N# 2819,1,1986,1986,10 Centavos,Argentina,XF
N# 3261,1,1987,1987,50 Centavos,Argentina,VF
N# 3261,1,1988,1988,50 Centavos,Argentina,XF
N# 3264,1,1989,1989,1 Austral,Argentina,VF
N# 5245,1,1989,1989,10 Australes,Argentina,VF
N# 5247,1,1990,1990,500 Australes,Argentina,AU
N# 5248,1,1991,1991,1000 Australes,Argentina,AU
N# 203822,1,,1989-1991,10 000 Australes,Argentina,
N# 3238,1,1993,1993,1 Centavo,Argentina,VF
N# 8208,1,1999,1999,1 Centavo,Argentina,G
N# 3246,1,1992,1992,5 Centavos (reeded edge),Argentina,AU
N# 3246,1,2004,2004,5 Centavos (reeded edge),Argentina,
N# 6758,1,1993,1993,5 Centavos,Argentina,AU
N# 6758,1,1995,1995,5 Centavos,Argentina,
N# 21116,1,2010,2010,"5 Centavos (smooth edge, magnetic)",Argentina,AU
N# 2214,1,1992,1992,10 Centavos (reeded edge; non-magnetic),Argentina,
N# 2214,10,1992,1992,10 Centavos (reeded edge; non-magnetic),Argentina,
N# 2214,2,1993,1993,10 Centavos (reeded edge; non-magnetic),Argentina,
N# 2214,4,1993,1993,10 Centavos (reeded edge; non-magnetic),Argentina,
N# 2214,1,2004,2004,10 Centavos (reeded edge; non-magnetic),Argentina,
N# 2214,1,2005,2005,10 Centavos (reeded edge; non-magnetic),Argentina,
N# 2214,2,2006,2006,10 Centavos (reeded edge; non-magnetic),Argentina,AU
N# 21115,1,2007,2007,10 Centavos (smooth edge; magnetic),Argentina,XF
N# 3256,3,1992,1992,25 Centavos,Argentina,XF
N# 3256,1,2009,2009,25 Centavos,Argentina,AU
N# 3256,1,2010,2010,25 Centavos,Argentina,
N# 2216,1,1993,1993,25 Centavos,Argentina,XF
N# 2216,3,1994,1994,25 Centavos,Argentina,
N# 2216,2,1996,1996,25 Centavos,Argentina,
N# 2297,1,1992,1992,50 Centavos,Argentina,
N# 2297,1,1993,1993,50 Centavos,Argentina,
N# 2297,1,1994,1994,50 Centavos,Argentina,XF
N# 2297,2,1994,1994,50 Centavos,Argentina,
N# 2297,1,2009,2009,50 Centavos,Argentina,AU
N# 2297,1,2009,2009,50 Centavos,Argentina,
N# 2217,2,1994,1994,1 Peso,Argentina,XF
N# 2217,1,1995,1995,1 Peso,Argentina,VF
N# 11625,1,2010,2010,1 Peso (Mar del Plata),Argentina,AU
N# 131212,1,2017,2017,1 Peso,Argentina,
N# 131212,1,2018,2018,1 Peso,Argentina,XF
N# 27528,1,2011,2011,2 Pesos (May Revolution),Argentina,AU
N# 89870,1,2016,2016,2 Pesos (Bicentennial of the Declaration of Independence Argentina),Argentina,VF
N# 131213,1,2017,2017,5 Pesos,Argentina,AU
N# 155297,1,2019,2019,10 Pesos,Argentina,AU
N# 153645,1,,,25 Centavos - Cirsa,Argentina,XF
N# 203256,1,,1997-2000,2 Pesos,Argentina,
N# 206729,1,,2016,100 Pesos,Argentina,
N# 201699,1,,2019,200 Pesos,Argentina,
N# 206624,1,,2016-2018,500 Pesos,Argentina,
N# 375850,1,,,Casino Token - Casinos del Sur,Argentina,
N# 3067,1,2004,2004,10 Dram,Armenia,AU
N# 1559,1,1974,1974,1 Cent - Elizabeth II (2nd Portrait),Australia,XF
N# 1558,1,1966,1966,2 Cents - Elizabeth II (2nd Portrait),Australia,F
N# 1558,1,1966,1966,2 Cents - Elizabeth II (2nd Portrait),Australia,XF
N# 1567,1,1992,1992,5 Cents - Elizabeth II (3rd Portrait),Australia,
N# 1567,1,1997,1997,5 Cents - Elizabeth II (3rd Portrait),Australia,XF
N# 1566,1,1999,1999,5 Cents - Elizabeth II (4th Portrait),Australia,XF
N# 1566,1,2000,2000,5 Cents - Elizabeth II (4th Portrait),Australia,
N# 1566,1,2001,2001,5 Cents - Elizabeth II (4th Portrait),Australia,
N# 1566,1,2006,2006,5 Cents - Elizabeth II (4th Portrait),Australia,
N# 1566,1,2017,2017,5 Cents - Elizabeth II (4th Portrait),Australia,AU
N# 1566,1,2019,2019,5 Cents - Elizabeth II (4th Portrait),Australia,
N# 1565,1,2001,2001,10 Cents - Elizabeth II (4th Portrait),Australia,
N# 1565,1,2008,2008,10 Cents - Elizabeth II (4th Portrait),Australia,AU
N# 1565,1,2009,2009,10 Cents - Elizabeth II (4th Portrait),Australia,
N# 1565,1,2014,2014,10 Cents - Elizabeth II (4th Portrait),Australia,
N# 1003,1,1975,1975,20 Cents - Elizabeth II (2nd Portrait),Australia,XF
N# 1702,1,2010,2010,20 Cents - Elizabeth II (4th Portrait),Australia,
N# 1702,1,2017,2017,20 Cents - Elizabeth II (4th Portrait),Australia,XF
N# 5597,1,2005,2005,20 Cents - Elizabeth II (4th Portrait - Coming Home - End of World War II),Australia,XF
N# 904,1,1978,1978,50 Cents - Elizabeth II (2nd Portrait; Dodecagonal),Australia,
N# 904,1,1979,1979,50 Cents - Elizabeth II (2nd Portrait; Dodecagonal),Australia,XF
N# 8327,1,2014,2014,50 Cents - Elizabeth II (4th Portrait),Australia,XF
N# 2288,1,1984,1984,1 Dollar - Elizabeth II (2nd Portrait),Australia,XF
N# 2159,1,1985,1985,1 Dollar - Elizabeth II (3rd Portrait),Australia,XF
N# 7356,1,1996,1996,"1 Dollar - Elizabeth II (3rd Portrait - ""Father of Federation"")",Australia,XF
N# 7357,1,1997,1997,1 Dollar - Elizabeth II (3rd Portrait - Sir Charles Kingsford Smith - Large Head),Australia,XF
N# 7354,1,2001,2001,1 Dollar - Elizabeth II (4th Portrait - Federation - Australia),Australia,XF
N# 7378,1,2007,2007,1 Dollar - Elizabeth II (4th Portrait - APEC Australia),Australia,XF
N# 25999,1,2011,2011,1 Dollar - Elizabeth II (4th Portrait - Commonwealth Heads of Government Meeting),Australia,AU
N# 59606,1,2014,2014,1 Dollar - Elizabeth II (4th Portrait - 100 Years of ANZAC),Australia,AU
N# 5213,1,2019,2019,2 Dollars - Elizabeth II (4th Portrait),Australia,AU
N# 1942,1,1929,1929,1 Groschen,Austria,XF
N# 1944,1,1929,1929,2 Groschen,Austria,XF
N# 5318,1,1931,1931,5 Groschen,Austria,AU
N# 745,1,1952,1952,2 Groschen,Austria,XF
N# 745,1,1966,1966,2 Groschen,Austria,AU
N# 745,1,1972,1972,2 Groschen,Austria,AU
N# 744,1,1950,1950,5 Groschen,Austria,F
N# 744,1,1953,1953,5 Groschen,Austria,
N# 744,1,1978,1978,5 Groschen,Austria,AU
N# 1903,1,1948,1948,10 Groschen,Austria,VF
N# 654,1,1959,1959,10 Groschen,Austria,VF
N# 654,1,1963,1963,10 Groschen,Austria,VF
N# 654,1,1976,1976,10 Groschen,Austria,
N# 654,1,1977,1977,10 Groschen,Austria,
N# 654,1,1998,1998,10 Groschen,Austria,
N# 1904,1,1947,1947,50 Groschen,Austria,XF
N# 655,1,1961,1961,50 Groschen,Austria,XF
N# 655,1,1969,1969,50 Groschen,Austria,F
N# 655,1,1972,1972,50 Groschen,Austria,
N# 740,1,1961,1961,1 Schilling,Austria,VF
N# 740,1,1980,1980,1 Schilling,Austria,
N# 740,1,1981,1981,1 Schilling,Austria,
N# 740,1,1989,1989,1 Schilling,Austria,AU
N# 742,1,1973,1973,5 Schilling (Copper-nickel),Austria,AU
N# 742,1,1993,1993,5 Schilling (Copper-nickel),Austria,XF
N# 742,1,1994,1994,5 Schilling (Copper-nickel),Austria,XF
N# 1941,1,1958,1958,10 Schilling (Silver),Austria,VF
N# 57,1,2002,2002,1 Euro Cent,Austria,
N# 57,1,2014,2014,1 Euro Cent,Austria,XF
N# 58,1,2002,2002,2 Euro Cents,Austria,
N# 58,1,2010,2010,2 Euro Cents,Austria,XF
N# 59,1,2013,2013,5 Euro Cents,Austria,XF
N# 60,2,2002,2002,10 Euro Cents (1st map),Austria,AU
N# 62,1,2002,2002,50 Euro Cents (1st map),Austria,
N# 64,1,2002,2002,2 Euros (1st map),Austria,
N# 64,1,2004,2004,2 Euros (1st map),Austria,XF
N# 2360,1,1859,1859,1 Kreuzer,Austrian Empire,VF
N# 2082,1,1915,1915,2 Heller,Austrian Empire,AU
N# 2086,1,1909,1909,10 Heller,Austrian Empire,AU
N# 24765,1,1681,1681,3 Kreuzers - Leopold I (Hall),"Tyrol, County of",G
N# 51115,1,2013,2013,50 Luma (Horse),Artsakh,
N# 51116,1,2013,2013,50 Luma (Antelope),Artsakh,
N# 51119,1,2013,2013,1 Dram (Wolf),Artsakh,
N# 51118,1,2013,2013,1 Dram (Leopard),Artsakh,
N# 51120,1,2013,2013,1 Dram (Pheasant),Artsakh,
N# 51123,1,2013,2013,5 Drams (Goat),Artsakh,
N# 51122,1,2013,2013,5 Drams (Bear),Artsakh,
N# 4731,1,,2006,3 Qapiks,Azerbaijan,AU
N# 6682,1,,2006,5 Qapiks,Azerbaijan,XF
N# 6396,1,1969,1969,1 Cent - Elizabeth II (2nd portrait),"Bahamas, The",AU
N# 941,1,1998,1998,1 Cent,"Bahamas, The",AU
N# 5011,1,2016,2016,10 Cents,"Bahamas, The",AU
N# 3161,1,1966,1966,25 Cents - Elizabeth II,"Bahamas, The",AU
N# 56550,1,2007,2007,25 Cents,"Bahamas, The",AU
N# 3163,1,1423,2002,50 Fils - Hamad (1st type),Bahrain,AU
N# 1306,1,1426,2005,100 Fils - Hamad (1st type),Bahrain,XF
N# 22456,1,2010,2010,1 Taka,Bangladesh,AU
N# 1972,1,2004,2004,2 Taka (United Nations Literacy Decade),Bangladesh,AU
N# 133880,1,2013,2013,2 Taka,Bangladesh,AU
N# 19188,1,2008,2008,1 Cent (Magnetic),Barbados,XF
N# 22107,1,2018,2018,5 Cents (Magnetic),Barbados,AU
N# 66,1,1990,1990,10 Cents,Barbados,
N# 66,1,1998,1998,10 Cents,Barbados,AU
N# 19165,1,2012,2012,10 Cents (Magnetic),Barbados,AU
N# 917,1,1973,1973,25 Cents,Barbados,XF
N# 19168,1,2011,2011,25 Cents (Magnetic),Barbados,AU
N# 22001,1,2008,2008,1 Dollar - Elizabeth II (Small Type; Magnetic),Barbados,AU
N# 86724,1,2009,2009,2 Kopecks,Belarus,AU
N# 269,1,1864,1864,2 Centimes - Léopold I,Belgium,VG
N# 3127,1,1942,1942,5 Centimes - Léopold III (BELGIE-BELGIQUE),Belgium,VF
N# 274,1,1862,1862,10 Centimes - Léopold I,Belgium,XF
N# 752,1,1953,1953,50 Centimes (Dutch text),Belgium,VF
N# 752,1,1970,1970,50 Centimes (Dutch text),Belgium,XF
N# 1240,1,1945,1945,1 Franc - Léopold III (BELGIE-BELGIQUE),Belgium,VF
N# 1244,1,1952,1952,1 Franc (French text),Belgium,VF
N# 1244,1,1977,1977,1 Franc (French text),Belgium,XF
N# 571,1,1977,1977,1 Franc (Dutch text),Belgium,XF
N# 755,1,1989,1989,1 Franc - Baudouin I (Dutch text),Belgium,AU
N# 755,1,1989,1989,1 Franc - Baudouin I (Dutch text),Belgium,XF
N# 755,1,1991,1991,1 Franc - Baudouin I (Dutch text),Belgium,
N# 756,1,1994,1994,1 Franc - Albert II (Dutch text),Belgium,AU
N# 759,1,1950,1950,5 Francs (French text),Belgium,XF
N# 1249,1,1967,1967,5 Francs (Dutch text),Belgium,XF
N# 1249,1,1975,1975,5 Francs (Dutch text),Belgium,XF
N# 757,1,1986,1986,5 Francs - Baudouin I (French text),Belgium,XF
N# 757,1,1993,1993,5 Francs - Baudouin I (French text),Belgium,
N# 1250,1,1986,1986,5 Francs - Baudouin I (Dutch text),Belgium,XF
N# 753,1,1980,1980,20 Francs - Baudouin I (Dutch text),Belgium,XF
N# 753,1,1980,1980,20 Francs - Baudouin I (Dutch text),Belgium,VF
N# 75,1,1999,1999,"10 Euro Cents - Albert II (1st map, 1st type, 1st portrait)",Belgium,XF
N# 79,1,2000,2000,"20 Euro Cents - Albert II (1st map, 1st type, 1st portrait)",Belgium,VF
N# 6302,1,2008,2008,"20 Euro Cents - Albert II (2nd map, 2nd type, 2nd portrait)",Belgium,XF
N# 76,1,1999,1999,"50 Euro Cents - Albert II (1st map, 1st type, 1st portrait)",Belgium,XF
N# 80,1,2005,2005,"2 Euros - Albert II (1st map, 1st type, 1st portrait)",Belgium,XF
N# 3207,1,2007,2007,1 Cent - Elizabeth II (Aluminium),Belize,AU
N# 5408,1,2016,2016,5 Cents - Elizabeth II (Aluminium),Belize,AU
N# 2238,1,2007,2007,25 Cents - Elizabeth II,Belize,XF
N# 2238,1,2015,2015,25 Cents - Elizabeth II,Belize,XF
N# 2237,1,2007,2007,1 Dollar - Elizabeth II,Belize,XF
N# 5107,1,1975,1975,5 Chetrums - Jigme Singye,Bhutan,AU
N# 41652,1,1794,1794,4 Reales - Charles IV,Bolivia,VF
N# 3221,1,1893,1893,5 Centavos,Bolivia,VF
N# 4905,1,1935,1935,10 Centavos (Copper-Nickel),Bolivia,VF
N# 3224,1,1965,1965,50 Centavos,Bolivia,VF
N# 3224,1,1967,1967,50 Centavos,Bolivia,VF
N# 3226,1,1969,1969,1 Peso Boliviano,Bolivia,AU
N# 3229,1,1980,1980,5 Pesos Bolivianos,Bolivia,AU
N# 205343,1,1962,1962,10 Pesos Bolivianos / 10 000 Bolivianos,Bolivia,
N# 7150,1,1987,1987,5 Centavos,Bolivia,AU
N# 6772,1,1995,1995,10 Centavos,Bolivia,XF
N# 12037,1,2006,2006,10 Centavos (Type 2 denomination letter),Bolivia,VF
N# 3223,1,1995,1995,20 Centavos,Bolivia,XF
N# 18051,1,2010,2010,20 Centavos,Bolivia,XF
N# 3225,1,1987,1987,50 Centavos,Bolivia,XF
N# 18052,1,2010,2010,50 Centavos,Bolivia,AU
N# 3228,1,1995,1995,1 Boliviano,Bolivia,AU
N# 18053,1,2010,2010,1 Boliviano,Bolivia,AU
N# 5784,1,1991,1991,2 Bolivianos (small type),Bolivia,AU
N# 18054,1,2012,2012,2 Bolivianos,Bolivia,AU
N# 18055,1,2010,2010,5 Bolivianos,Bolivia,VF
N# 18055,1,2012,2012,5 Bolivianos,Bolivia,AU
N# 3073,1,2017,2017,1 Konvertibilna Marka,Bosnia and Herzegovina,AU
N# 5410,1,1998,1998,5 Thebe,Botswana,AU
N# 57873,1,2013,2013,1 Pula,Botswana,XF
N# 4333,1,1901,1901,100 Réis (Liberty),Brazil,VF
N# 9636,1,1938,1938,200 Réis,Brazil,VF
N# 20883,1,1943,1943,10 Centavos,Brazil,VF
N# 10251,1,1946,1946,10 Centavos,Brazil,F
N# 6792,1,1951,1951,10 Centavos (José Bonifácio),Brazil,VF
N# 5378,1,1945,1945,20 Centavos,Brazil,XF
N# 5378,1,1947,1947,20 Centavos,Brazil,F
N# 4896,1,1945,1945,50 Centavos,Brazil,VF
N# 957,1,1946,1946,1 Cruzeiro,Brazil,VF
N# 8195,1,1960,1960,1 Cruzeiro,Brazil,VG
N# 1018,1,1945,1945,2 Cruzeiros,Brazil,XF
N# 5381,1,1961,1961,2 Cruzeiros,Brazil,VF
N# 9525,1,1965,1965,20 Cruzeiros,Brazil,VF
N# 6794,1,1969,1969,1 Centavo,Brazil,AU
N# 6437,1,1967,1967,2 Centavos,Brazil,AU
N# 5384,1,1975,1975,2 Centavos (FAO),Brazil,AU
N# 2821,1,1967,1967,5 Centavos,Brazil,
N# 2821,1,1969,1969,5 Centavos,Brazil,AU
N# 3816,1,1977,1977,5 Centavos (FAO),Brazil,AU
N# 2243,1,1967,1967,10 Centavos (non magnetic),Brazil,XF
N# 7052,1,1978,1978,10 Centavos (magnetic),Brazil,XF
N# 1016,1,1967,1967,20 Centavos (non magnetic),Brazil,XF
N# 8850,1,1977,1977,20 Centavos (magnetic),Brazil,AU
N# 1050,1,1970,1970,50 Centavos (Non-magnetic),Brazil,XF
N# 5382,1,1979,1979,50 Centavos (magnetic),Brazil,AU
N# 2247,1,1979,1979,1 Cruzeiro,Brazil,
N# 2247,1,1980,1980,1 Cruzeiro,Brazil,XF
N# 2576,1,1980,1980,5 Cruzeiros,Brazil,AU
N# 2576,1,1980,1980,5 Cruzeiros,Brazil,XF
N# 2576,1,1981,1981,5 Cruzeiros,Brazil,AU
N# 2241,1,1983,1983,10 Cruzeiros (Brazil's main roads),Brazil,AU
N# 5385,1,1984,1984,20 Cruzeiros,Brazil,AU
N# 2246,1,1981,1981,50 Cruzeiros,Brazil,XF
N# 4052,1,1986,1986,100 Cruzeiros,Brazil,AU
N# 5387,1,1986,1986,1 Centavo,Brazil,AU
N# 4051,1,1987,1987,10 Centavos,Brazil,AU
N# 5389,1,1986,1986,20 Centavos,Brazil,AU
N# 3758,1,1987,1987,50 Centavos,Brazil,AU
N# 3509,1,1987,1987,1 Cruzado,Brazil,AU
N# 4696,1,1986,1986,5 Cruzados,Brazil,AU
N# 3538,1,1988,1988,10 Cruzados,Brazil,AU
N# 3538,1,1988,1988,10 Cruzados,Brazil,AU
N# 4980,1,1989,1989,5 Centavos (Fisherman),Brazil,XF
N# 3443,1,1989,1989,10 Centavos (Miner),Brazil,XF
N# 5390,1,1989,1989,50 Centavos (Lacemaker),Brazil,XF
N# 5388,1,1990,1990,1 Cruzeiro,Brazil,XF
N# 4697,1,1990,1990,5 Cruzeiros,Brazil,XF
N# 4527,1,1990,1990,10 Cruzeiros,Brazil,XF
N# 5391,1,1992,1992,100 Cruzeiros,Brazil,XF
N# 2300,1,1992,1992,500 Cruzeiros,Brazil,AU
N# 5392,1,1993,1993,1000 Cruzeiros,Brazil,AU
N# 5393,1,1993,1993,5 Cruzeiros Reais,Brazil,AU
N# 5393,1,1994,1994,5 Cruzeiros Reais,Brazil,
N# 5394,1,1993,1993,10 Cruzeiros Reais,Brazil,XF
N# 2832,1,1994,1994,1 Centavo,Brazil,XF
N# 2832,1,1997,1997,1 Centavo,Brazil,XF
N# 4049,1,2001,2001,1 Centavo (Cabral),Brazil,
N# 4049,1,2002,2002,1 Centavo (Cabral),Brazil,XF
N# 1104,2,1994,1994,5 Centavos,Brazil,F
N# 1049,1,2002,2002,5 Centavos (Tiradentes),Brazil,XF
N# 1049,1,2006,2006,5 Centavos (Tiradentes),Brazil,
N# 1049,1,2009,2009,5 Centavos (Tiradentes),Brazil,VF
N# 1049,1,2011,2011,5 Centavos (Tiradentes),Brazil,
N# 1049,2,2013,2013,5 Centavos (Tiradentes),Brazil,
N# 1049,1,2014,2014,5 Centavos (Tiradentes),Brazil,
N# 1049,1,2015,2015,5 Centavos (Tiradentes),Brazil,
N# 2822,1,1994,1994,10 Centavos,Brazil,
N# 2822,1,1995,1995,10 Centavos,Brazil,XF
N# 2822,1,1997,1997,10 Centavos,Brazil,
N# 2253,1,2001,2001,10 Centavos (Pedro I),Brazil,XF
N# 2253,1,2008,2008,10 Centavos (Pedro I),Brazil,
N# 2253,1,2011,2011,10 Centavos (Pedro I),Brazil,
N# 2253,1,2013,2013,10 Centavos (Pedro I),Brazil,
N# 2253,1,2022,2022,10 Centavos (Pedro I),Brazil,
N# 2253,1,2023,2023,10 Centavos (Pedro I),Brazil,
N# 2253,1,2023,2023,10 Centavos (Pedro I),Brazil,
N# 2242,1,1994,1994,25 Centavos,Brazil,AU
N# 2252,1,1999,1999,25 Centavos (Deodoro da Fonseca),Brazil,XF
N# 2252,1,2003,2003,25 Centavos (Deodoro da Fonseca),Brazil,
N# 2252,1,2005,2005,25 Centavos (Deodoro da Fonseca),Brazil,XF
N# 2252,1,2009,2009,25 Centavos (Deodoro da Fonseca),Brazil,
N# 2252,1,2013,2013,25 Centavos (Deodoro da Fonseca),Brazil,
N# 2252,1,2014,2014,25 Centavos (Deodoro da Fonseca),Brazil,
N# 2252,1,2017,2017,25 Centavos (Deodoro da Fonseca),Brazil,XF
N# 2823,1,1994,1994,50 Centavos,Brazil,AU
N# 8895,1,1998,1998,50 Centavos (Rio Branco; copper-nickel),Brazil,XF
N# 666,1,2002,2002,50 Centavos (Rio Branco; stainless steel),Brazil,
N# 666,1,2006,2006,50 Centavos (Rio Branco; stainless steel),Brazil,
N# 666,1,2008,2008,50 Centavos (Rio Branco; stainless steel),Brazil,XF
N# 666,1,2010,2010,50 Centavos (Rio Branco; stainless steel),Brazil,
N# 666,1,2016,2016,50 Centavos (Rio Branco; stainless steel),Brazil,
N# 3198,1,1994,1994,1 Real,Brazil,AU
N# 6385,1,2002,2002,1 Real (Juscelino Kubitschek),Brazil,XF
N# 8896,1,2006,2006,1 Real,Brazil,XF
N# 8896,1,2007,2007,1 Real,Brazil,
N# 8896,1,2008,2008,1 Real,Brazil,
N# 8896,1,2009,2009,1 Real,Brazil,
N# 8896,1,2022,2022,1 Real,Brazil,
N# 68043,1,2014,2014,1 Real (Olympic Games Rio 2016 - Athletics),Brazil,AU
N# 68046,2,2014,2014,1 Real (Olympic Games Rio 2016 - Paratriathlon),Brazil,AU
N# 71697,2,2015,2015,1 Real (Olympic Games Rio 2016 - Rugby),Brazil,AU
N# 75273,1,2015,2015,1 Real (Olympic Games Rio 2016 - Volleyball),Brazil,AU
N# 83620,1,2016,2016,1 Real (Olympic Games Rio 2016 - Paralympic Swimming),Brazil,AU
N# 83622,1,2016,2016,1 Real (Olympic Games Rio 2016 - Paralympic Mascot),Brazil,AU
N# 202203,1,2010,2010,10 Reais (2nd. Family),Brazil,
N# 202208,1,2010,2010,20 Reais (2nd. Family),Brazil,
N# 202212,1,2010,2010,50 Reais (2nd. Family),Brazil,
N# 175948,1,2016,2016,Medal - Bondinho,Brazil,
N# 10113,1,1956,1956,3 Pence - Elizabeth II (Thin Flan),Guernsey,XF
N# 10578,1,1959,1959,3 Pence - Elizabeth II (Thick Flan),Guernsey,AU
N# 10578,1,1959,1959,3 Pence - Elizabeth II (Thick Flan),Guernsey,VF
N# 6902,1,1971,1971,½ New Penny - Elizabeth II,Guernsey,XF
N# 5686,1,1971,1971,2 New Pence - Elizabeth II,Guernsey,VG
N# 3466,1,1979,1979,5 Pence - Elizabeth II,Guernsey,AU
N# 1152,1,1984,1984,10 Pence - Elizabeth II,Guernsey,XF
N# 9875,1,1980,1980,1 Penny - Elizabeth II (Manx cat),Isle of Man,AU
N# 7339,1,1988,1988,2 Pence - Elizabeth II (Hand Working Tools),Isle of Man,VF
N# 3734,1,1991,1991,5 Pence - Elizabeth II (Windsurfing; reduced size),Isle of Man,XF
N# 10733,1,1975,1975,10 New Pence - Elizabeth II (Three Legs of Man),Isle of Man,XF
N# 9864,1,1937,1937,1⁄24 Shilling - George VI,Jersey,VF
N# 9864,1,1947,1947,1⁄24 Shilling - George VI,Jersey,VF
N# 7391,1,1923,1923,1⁄12 Shilling - George V,Jersey,XF
N# 6082,1,,1949-1952,1⁄12 Shilling - George VI (Liberation),Jersey,XF
N# 5722,1,1971,1971,½ New Penny - Elizabeth II (2nd portrait),Jersey,XF
N# 7264,1,1998,1998,1 Penny - Elizabeth II (4th portrait),Jersey,XF
N# 7264,1,2005,2005,1 Penny - Elizabeth II (4th portrait),Jersey,AU
N# 1357,1,1971,1971,2 New Pence - Elizabeth II (2nd portrait),Jersey,VF
N# 1357,1,1975,1975,2 New Pence - Elizabeth II (2nd portrait),Jersey,AU
N# 9863,1,1981,1981,2 Pence - Elizabeth II (2nd portrait),Jersey,XF
N# 20450,1,1988,1988,5 Pence - Elizabeth II (2nd portrait; large type),Jersey,AU
N# 8459,1,2003,2003,5 Pence - Elizabeth II (4th portrait),Jersey,AU
N# 4196,1,1968,1968,10 New Pence - Elizabeth II (2nd portrait),Jersey,XF
N# 3478,1,1986,1986,20 Pence - Elizabeth II (Corbière Lighthouse),Jersey,XF
N# 82620,1,2011,2011,5 Pounds - Elizabeth II (Poppy - 90th Anniversary),Jersey,UNC
N# 3032,1,1939,1939,1 Shilling - George VI,British West Africa,VF
N# 12108,1,1967,1967,10 Sen - Omar Ali Saifuddin III,Brunei,AU
N# 1984,1,1974,1974,2 Stotinki (2nd Coat of Arms),Bulgaria,AU
N# 1983,1,1974,1974,10 Stotinki (2nd Coat of Arms),Bulgaria,AU
N# 1985,1,1974,1974,20 Stotinki (2nd Coat of Arms),Bulgaria,XF
N# 5366,1,1999,1999,1 Stotinka (non-magnetic),Bulgaria,AU
N# 28608,1,2000,2000,2 Stotinki (magnetic),Bulgaria,AU
N# 2375,1,1999,1999,10 Stotinki,Bulgaria,AU
N# 2375,1,1999,1999,10 Stotinki,Bulgaria,
N# 80515,1,2015,2015,2 Leva,Bulgaria,XF
N# 4387,1,1976,1976,1 Franc,Burundi,AU
N# 6725,1,2538,1994,50 Riels,Cambodia,AU
N# 436,1,1928,1928,1 Cent - George V,Canada,VF
N# 433,1,1963,1963,1 Cent - Elizabeth II (1st portrait),Canada,VF
N# 432,1,1968,1968,1 Cent - Elizabeth II (2nd portrait),Canada,AU
N# 432,1,1968,1968,1 Cent - Elizabeth II (2nd portrait),Canada,XF
N# 430,1,1967,1967,"1 Cent - Elizabeth II (2nd portrait, Confederation)",Canada,XF
N# 429,1,1981,1981,1 Cent - Elizabeth II (2nd portrait modified; reduced weight),Canada,XF
N# 427,1,1983,1983,"1 Cent - Elizabeth II (2nd portrait, 12 sided)",Canada,XF
N# 427,1,1984,1984,"1 Cent - Elizabeth II (2nd portrait, 12 sided)",Canada,
N# 425,1,1994,1994,"1 Cent - Elizabeth II (3rd portrait, 12 sided)",Canada,XF
N# 377356,1,2006,2006,1 Cent - Elizabeth II (4th portrait; non-magnetic),Canada,XF
N# 377353,1,2006,2006,1 Cent - Elizabeth II (4th portrait; magnetic),Canada,AU
N# 19977,1,2007,2007,1 Cent - Elizabeth II (4th portrait; magnetic with RCM logo),Canada,XF
N# 414,1,1933,1933,5 Cents - George V,Canada,VF
N# 404,1,1961,1961,"5 Cents - Elizabeth II (1st portrait, nickel)",Canada,VF
N# 401,1,1978,1978,5 Cents - Elizabeth II (2nd portrait),Canada,VF
N# 444616,1,1980,1980,5 Cents - Elizabeth II (2nd portrait modified),Canada,AU
N# 395,1,2010,2010,5 Cents - Elizabeth II (4th portrait; magnetic with RCM logo),Canada,AU
N# 9201,1,1968,1968,10 Cents - Elizabeth II (2nd portrait; Nickel),Canada,AU
N# 7518,1,1972,1972,"10 Cents - Elizabeth II (2nd portrait, Modified reverse)",Canada,XF
N# 444751,1,1979,1979,10 Cents - Elizabeth II (2nd portrait modified),Canada,F
N# 380,1,1998,1998,10 Cents - Elizabeth II (3rd portrait),Canada,XF
N# 378,1,2001,2001,10 Cents - Elizabeth II (3rd portrait; Year of Volunteers),Canada,XF
N# 377,1,2016,2016,10 Cents - Elizabeth II (4th portrait with RCM logo),Canada,AU
N# 386478,1,2024,2024,10 Cents - Charles III,Canada,AU
N# 3863,1,1968,1968,"25 Cents - Elizabeth II (2nd portrait, Nickel)",Canada,VF
N# 3863,1,1974,1974,"25 Cents - Elizabeth II (2nd portrait, Nickel)",Canada,XF
N# 364,1,1986,1986,25 Cents - Elizabeth II (2nd portrait modified),Canada,XF
N# 351,1,1995,1995,25 Cents - Elizabeth II (3rd portrait),Canada,XF
N# 377368,1,2005,2005,25 Cents - Elizabeth II (4th portrait),Canada,AU
N# 323,1,2004,2004,25 Cents - Elizabeth II (Remembrance Day),Canada,AU
N# 325,1,2018,2018,25 Cents - Elizabeth II (4th portrait; RCM logo),Canada,
N# 1869,1,2007,2007,25 Cents - Elizabeth II (Curling),Canada,AU
N# 4458,1,2008,2008,25 Cents - Elizabeth II (Figure skating),Canada,AU
N# 46561,1,2013,2013,25 Cents - Elizabeth II (Laura Secord; colored),Canada,AU
N# 305,1,1971,1971,"50 Cents - Elizabeth II (2nd portrait, Nickel)",Canada,XF
N# 465,1,1987,1987,1 Dollar - Elizabeth II (2nd portrait),Canada,AU
N# 25833,1,2011,2011,1 Dollar - Elizabeth II (Centenary of Parks Canada),Canada,AU
N# 244642,1,2020,2020,1 Dollar - Elizabeth II (UN Charter; colored),Canada,AU
N# 30139,1,2008,2008,"2 Dollars - Elizabeth II (Polar bear, date on top)",Canada,XF
N# 232479,1,2020,2020,2 Dollars - Elizabeth II (Bill Reid),Canada,AU
N# 1021,1,1941,1941,1 Cent - George VI,Newfoundland,XF
N# 2560,1,1994,1994,"20 Escudos (Sailing ship ""Novas de Alegria"")",Cape Verde,XF
N# 10059,1,1967,1967,10 Francs CFA,Central African States,VF
N# 1812,1,2006,2006,10 Francs CFA,Central African States,AU
N# 1802,1,1989,1989,50 Francs CFA,Central African States,VF
N# 1809,1,2006,2006,100 Francs CFA,Central African States,AU
N# 120565,1,1805,1805,¼ Real - Charles IV (with mintmark),Chile,F
N# 35205,1,1797,1797,½ Real - Charles IV (bust of Charles IV),Chile,G
N# 35209,1,1816,1816,½ Real - Ferdinand VII (bust of Carlos IV),Chile,G
N# 35253,1,1834,1834,½ Real,Chile,F
N# 35334,1,1844,1844,½ Real (small type),Chile,F
N# 35334,1,1851,1851,½ Real (small type),Chile,VF
N# 27140,1,1817,1817,1 Real - Ferdinand VII (bust of Carlos IV),Chile,F
N# 35258,1,1844,1844,1 Real (small type),Chile,F
N# 35217,1,1813,1813,2 Reales - Ferdinand VII (bust of Ferdinand VII),Chile,VF
N# 27141,1,1846,1846,2 Reales (small type),Chile,F
N# 12684,1,1835,1835,½ Centavo,Chile,F
N# 35343,1,1851,1851,½ Centavo,Chile,G
N# 20970,1,1853,1853,½ Centavo,Chile,F
N# 27145,1,1873,1873,½ Centavo,Chile,VG
N# 3441,1,1883,1883,½ Centavo,Chile,VF
N# 17295,1,1835,1835,1 Centavo (Thick Planchet),Chile,VF
N# 27146,1,1851,1851,1 Centavo,Chile,VF
N# 22526,1,1851,1851,1 Centavo (raised star),Chile,VG
N# 10638,1,1853,1853,1 Centavo,Chile,VG
N# 10638,1,1853,1853,1 Centavo,Chile,VG
N# 21914,1,1871,1871,1 Centavo,Chile,F
N# 21914,1,1872,1872,1 Centavo,Chile,
N# 5660,1,1894,1894,1 Centavo,Chile,VF
N# 5660,1,1898,1898,1 Centavo,Chile,
N# 22018,1,1904,1904,1 Centavo,Chile,VF
N# 22018,1,1919,1919,1 Centavo,Chile,VF
N# 6711,1,1871,1871,2 Centavos,Chile,F
N# 6711,1,1872,1872,2 Centavos,Chile,
N# 6711,1,1873,1873,2 Centavos,Chile,
N# 14975,1,1885,1885,2 Centavos,Chile,VF
N# 26062,1,1919,1919,2 Centavos,Chile,VF
N# 14974,1,1895,1895,2½ Centavos,Chile,VF
N# 14974,1,1898,1898,2½ Centavos,Chile,
N# 9708,1,1904,1904,2½ Centavos,Chile,VF
N# 9708,1,1906,1906,2½ Centavos,Chile,VF
N# 9708,1,1907,1907,2½ Centavos,Chile,F
N# 22383,1,1856,1856,½ Décimo (heavy type),Chile,G
N# 22383,1,1857,1857,½ Décimo (heavy type),Chile,VF
N# 15451,1,,,½ Décimo (silver .500),Chile,
N# 15451,1,1881,1881,½ Décimo (silver .500),Chile,VF
N# 16034,1,1901,1901,5 Centavos (0.5 on obverse; silver .500),Chile,VF
N# 9378,1,1908,1908,5 Centavos,Chile,VF
N# 9378,1,1913,1913,5 Centavos,Chile,
N# 15864,1,1915,1915,5 Centavos,Chile,VF
N# 15864,1,1916,1916,5 Centavos,Chile,VF
N# 15864,1,1919,1919,5 Centavos,Chile,G
N# 6921,1,1920,1920,5 Centavos,Chile,VF
N# 6921,2,1921,1921,5 Centavos,Chile,VF
N# 6921,2,1922,1922,5 Centavos,Chile,VF
N# 6921,1,1923,1923,5 Centavos,Chile,XF
N# 6921,1,1925,1925,5 Centavos,Chile,XF
N# 6921,1,1926,1926,5 Centavos,Chile,XF
N# 6921,2,1927,1927,5 Centavos,Chile,XF
N# 6921,3,1928,1928,5 Centavos,Chile,XF
N# 6921,1,1933,1933,5 Centavos,Chile,VF
N# 6921,3,1934,1934,5 Centavos,Chile,VF
N# 6921,1,1936,1936,5 Centavos,Chile,XF
N# 6921,1,1936,1936,5 Centavos,Chile,
N# 6921,1,1937,1937,5 Centavos,Chile,XF
N# 6921,1,1938,1938,5 Centavos,Chile,XF
N# 6921,1,1938,1938,5 Centavos,Chile,
N# 42708,1,1855,1855,1 Décimo,Chile,XF
N# 4331,1,1880,1880,1 Décimo (silver .500; heavy type),Chile,VF
N# 24193,1,1896,1896,10 Centavos (No number on obverse; silver .835),Chile,VF
N# 16042,1,1907,1907,10 Centavos (0.5 on obverse; silver .500),Chile,F
N# 16045,1,1908,1908,10 Centavos (No number on obverse; billon .400),Chile,VF
N# 16045,1,1909,1909,10 Centavos (No number on obverse; billon .400),Chile,VF
N# 16045,1,1913,1913,10 Centavos (No number on obverse; billon .400),Chile,VF
N# 16045,1,1919,1919,10 Centavos (No number on obverse; billon .400),Chile,VF
N# 16045,1,1919,1919,10 Centavos (No number on obverse; billon .400),Chile,VF
N# 16045,1,1920,1920,10 Centavos (No number on obverse; billon .400),Chile,VF
N# 25176,1,1915,1915,10 Centavos (0.45 on obverse; billon .450),Chile,VF
N# 25176,1,1916,1916,10 Centavos (0.45 on obverse; billon .450),Chile,VF
N# 25176,1,1918,1918,10 Centavos (0.45 on obverse; billon .450),Chile,XF
N# 4054,1,1920,1920,10 Centavos,Chile,XF
N# 4054,1,1921,1921,10 Centavos,Chile,F
N# 4054,1,1922,1922,10 Centavos,Chile,VF
N# 4054,1,1923,1923,10 Centavos,Chile,XF
N# 4054,1,1924,1924,10 Centavos,Chile,XF
N# 4054,1,1925,1925,10 Centavos,Chile,VF
N# 4054,1,1927,1927,10 Centavos,Chile,XF
N# 4054,1,1928,1928,10 Centavos,Chile,VF
N# 4054,1,1932,1932,10 Centavos,Chile,XF
N# 4054,1,1933,1933,10 Centavos,Chile,XF
N# 4054,1,1934,1934,10 Centavos,Chile,VF
N# 4054,1,1935,1935,10 Centavos,Chile,XF
N# 4054,1,1936,1936,10 Centavos,Chile,XF
N# 4054,1,1937,1937,10 Centavos,Chile,XF
N# 4054,2,1938,1938,10 Centavos,Chile,XF
N# 4054,1,1939,1939,10 Centavos,Chile,VF
N# 4054,1,1940,1940,10 Centavos,Chile,XF
N# 4054,1,1941,1941,10 Centavos,Chile,XF
N# 35377,1,1854,1854,20 Centavos,Chile,G
N# 31965,1,1862,1862,20 Centavos,Chile,XF
N# 26203,1,1865,1865,20 Centavos (silver .900),Chile,VF
N# 4322,1,1873,1873,20 Centavos (silver .835),Chile,G
N# 27165,1,1879,1879,20 Centavos (silver .500),Chile,G
N# 27165,1,1880,1880,20 Centavos (silver .500),Chile,VF
N# 87583,1,1891,1891,20 Centavos,Chile,VG
N# 16044,1,1899,1899,20 Centavos (0.5 on obverse; silver .500),Chile,G
N# 16044,1,1907,1907,20 Centavos (0.5 on obverse; silver .500),Chile,VF
N# 6920,1,1907,1907,20 Centavos (No number on obverse; billon .400),Chile,F
N# 6920,1,1908,1908,20 Centavos (No number on obverse; billon .400),Chile,VF
N# 6920,1,1908,1908,20 Centavos (No number on obverse; billon .400),Chile,G
N# 6920,1,1913,1913,20 Centavos (No number on obverse; billon .400),Chile,F
N# 6920,1,1919,1919,20 Centavos (No number on obverse; billon .400),Chile,VF
N# 6920,1,1920,1920,20 Centavos (No number on obverse; billon .400),Chile,VF
N# 16106,1,1916,1916,20 Centavos (0.45 on obverse; billon .450),Chile,VF
N# 6808,1,1920,1920,20 Centavos,Chile,VF
N# 6808,1,1921,1921,20 Centavos,Chile,VF
N# 6808,1,1922,1922,20 Centavos,Chile,VF
N# 6808,1,1922,1922,20 Centavos,Chile,
N# 6808,1,1923,1923,20 Centavos,Chile,VF
N# 6808,1,1924,1924,20 Centavos,Chile,VF
N# 6808,1,1924,1924,20 Centavos,Chile,
N# 6808,1,1924,1924,20 Centavos,Chile,
N# 6808,1,1924,1924,20 Centavos,Chile,
N# 6808,1,1925,1925,20 Centavos,Chile,VF
N# 6808,1,1929,1929,20 Centavos,Chile,VF
N# 6808,2,1929,1929,20 Centavos,Chile,
N# 6808,1,1929,1929,20 Centavos,Chile,VF
N# 6808,1,1932,1932,20 Centavos,Chile,XF
N# 6808,1,1932,1932,20 Centavos,Chile,
N# 6808,1,1932,1932,20 Centavos,Chile,
N# 6808,1,1932,1932,20 Centavos,Chile,XF
N# 6808,1,1933,1933,20 Centavos,Chile,XF
N# 6808,1,1933,1933,20 Centavos,Chile,XF
N# 6808,1,1937,1937,20 Centavos,Chile,XF
N# 6808,1,1938,1938,20 Centavos,Chile,XF
N# 6808,1,1938,1938,20 Centavos,Chile,
N# 6808,1,1939,1939,20 Centavos,Chile,XF
N# 6808,2,1939,1939,20 Centavos,Chile,
N# 6808,1,1940,1940,20 Centavos,Chile,XF
N# 6808,1,1941,1941,20 Centavos,Chile,XF
N# 3541,1,1942,1942,20 Centavos,Chile,XF
N# 3541,1,1943,1943,20 Centavos,Chile,XF
N# 3541,1,1943,1943,20 Centavos,Chile,
N# 3541,1,1944,1944,20 Centavos,Chile,XF
N# 3541,1,1945,1945,20 Centavos,Chile,XF
N# 3541,1,1946,1946,20 Centavos,Chile,XF
N# 3541,1,1946,1946,20 Centavos,Chile,
N# 3541,1,1947,1947,20 Centavos,Chile,XF
N# 3541,1,1947,1947,20 Centavos,Chile,
N# 3541,1,1948,1948,20 Centavos,Chile,XF
N# 3541,1,1948,1948,20 Centavos,Chile,
N# 3541,1,1949,1949,20 Centavos,Chile,XF
N# 3541,1,1950,1950,20 Centavos,Chile,XF
N# 3541,1,1951,1951,20 Centavos,Chile,XF
N# 3541,1,1952,1952,20 Centavos,Chile,XF
N# 3541,1,1953,1953,20 Centavos,Chile,XF
N# 18999,1,1908,1908,40 Centavos,Chile,VF
N# 18999,1,1908,1908,40 Centavos,Chile,G
N# 56298,1,1855,1855,50 Centavos,Chile,XF
N# 35386,1,1870,1870,50 Centavos,Chile,XF
N# 10890,2,1902,1902,50 Centavos,Chile,VF
N# 6910,1,1942,1942,50 Centavos,Chile,XF
N# 4323,1,1878,1878,1 Peso,Chile,XF
N# 28033,1,1895,1895,1 Peso (No number on obverse; silver .835),Chile,F
N# 23449,1,1902,1902,1 Peso (0.7 on obverse; silver .700),Chile,VF
N# 23448,1,1910,1910,1 Peso (0.9 on obverse; silver .900),Chile,XF
N# 22527,1,1915,1915,1 Peso (0.72 on obverse; silver .720),Chile,VF
N# 14504,1,1921,1921,1 Peso (0.5 on obverse; silver .500; coin alignment; without 1 on reverse),Chile,VF
N# 14504,1,1922,1922,1 Peso (0.5 on obverse; silver .500; coin alignment; without 1 on reverse),Chile,VF
N# 14505,1,1924,1924,1 Peso (0.5 on obverse; silver .500; medal alignment),Chile,VF
N# 14505,1,1925,1925,1 Peso (0.5 on obverse; silver .500; medal alignment),Chile,XF
N# 15945,1,1927,1927,1 Peso (0.5 on obverse; silver .500; coin alignment; with 1 on reverse),Chile,XF
N# 15945,1,1927,1927,1 Peso (0.5 on obverse; silver .500; coin alignment; with 1 on reverse),Chile,VF
N# 14503,1,1932,1932,1 Peso,Chile,XF
N# 2951,2,1933,1933,1 Peso,Chile,XF
N# 2951,1,1940,1940,1 Peso,Chile,VF
N# 3544,1,1942,1942,1 Peso,Chile,XF
N# 3544,1,1943,1943,1 Peso,Chile,XF
N# 3544,1,1944,1944,1 Peso,Chile,XF
N# 3544,1,1945,1945,1 Peso,Chile,XF
N# 3544,1,1946,1946,1 Peso,Chile,XF
N# 3544,1,1947,1947,1 Peso,Chile,XF
N# 3544,1,1947,1947,1 Peso,Chile,
N# 3544,1,1948,1948,1 Peso,Chile,XF
N# 3544,1,1948,1948,1 Peso,Chile,
N# 3544,1,1949,1949,1 Peso,Chile,XF
N# 3544,1,1950,1950,1 Peso,Chile,XF
N# 3544,1,1951,1951,1 Peso,Chile,XF
N# 3544,1,1952,1952,1 Peso,Chile,XF
N# 3544,1,1953,1953,1 Peso,Chile,XF
N# 3544,1,1953,1953,1 Peso,Chile,XF
N# 3544,1,1953,1953,1 Peso,Chile,
N# 3544,1,1954,1954,1 Peso,Chile,XF
N# 3543,1,1954,1954,1 Peso,Chile,XF
N# 3543,1,1954,1954,1 Peso,Chile,F
N# 3543,1,1954,1954,1 Peso,Chile,
N# 3543,1,1955,1955,1 Peso,Chile,AU
N# 3543,1,1955,1955,1 Peso,Chile,
N# 3543,1,1956,1956,1 Peso,Chile,AU
N# 3543,1,1956,1956,1 Peso,Chile,
N# 3543,1,1957,1957,1 Peso,Chile,AU
N# 3543,1,1957,1957,1 Peso,Chile,
N# 3543,1,1958,1958,1 Peso,Chile,AU
N# 19354,1,1927,1927,2 Pesos,Chile,VF
N# 30902,1,1927,1927,5 Pesos,Chile,XF
N# 6909,1,1956,1956,5 Pesos / ½ Condor,Chile,XF
N# 1289,1,1956,1956,10 Pesos / 1 Condor,Chile,VF
N# 1289,1,1957,1957,10 Pesos / 1 Condor,Chile,XF
N# 1289,1,1958,1958,10 Pesos / 1 Condor,Chile,XF
N# 1289,1,1958,1958,10 Pesos / 1 Condor,Chile,
N# 1289,1,1959,1959,10 Pesos / 1 Condor,Chile,VF
N# 34945,1,1926,1926,20 Pesos,Chile,VF
N# 232957,3,1933,1933,1 Peso / ⅒ Condor,Chile,
N# 205206,1,,1948-1951,5 Pesos (½ Condor),Chile,
N# 227288,1,,1958-1959,"10 Pesos (1 Condor; ""Casa de Moneda"")",Chile,
N# 6809,1,1962,1962,½ Centésimo,Chile,VF
N# 6809,1,1963,1963,½ Centésimo,Chile,VF
N# 3760,1,1960,1960,1 Centésimo,Chile,XF
N# 3760,1,1960,1960,1 Centésimo,Chile,
N# 3760,1,1961,1961,1 Centésimo,Chile,XF
N# 3760,1,1962,1962,1 Centésimo,Chile,VF
N# 3760,1,1963,1963,1 Centésimo,Chile,XF
N# 5399,1,1964,1964,2 Centésimos,Chile,XF
N# 5399,1,1965,1965,2 Centésimos,Chile,XF
N# 5399,1,1966,1966,2 Centésimos,Chile,XF
N# 5399,2,1966,1966,2 Centésimos,Chile,
N# 5399,1,1967,1967,2 Centésimos,Chile,XF
N# 5399,1,1968,1968,2 Centésimos,Chile,XF
N# 5399,1,1969,1969,2 Centésimos,Chile,AU
N# 5399,1,1969,1969,2 Centésimos,Chile,
N# 5399,1,1970,1970,2 Centésimos,Chile,AU
N# 2949,1,1961,1961,5 Centésimos,Chile,AU
N# 2949,1,1962,1962,5 Centésimos,Chile,XF
N# 2949,1,1963,1963,5 Centésimos,Chile,XF
N# 2949,1,1964,1964,5 Centésimos,Chile,AU
N# 2949,1,1965,1965,5 Centésimos,Chile,XF
N# 2949,1,1965,1965,5 Centésimos,Chile,XF
N# 2949,1,1966,1966,5 Centésimos,Chile,XF
N# 2949,1,1967,1967,5 Centésimos,Chile,XF
N# 2949,1,1968,1968,5 Centésimos,Chile,XF
N# 2949,1,1969,1969,5 Centésimos,Chile,XF
N# 2949,1,1969,1969,5 Centésimos,Chile,
N# 2949,1,1970,1970,5 Centésimos,Chile,XF
N# 2664,1,1960,1960,10 Centésimos,Chile,XF
N# 2664,3,1960,1960,10 Centésimos,Chile,
N# 2664,1,1961,1961,10 Centésimos,Chile,XF
N# 2664,2,1961,1961,10 Centésimos,Chile,
N# 2664,1,1962,1962,10 Centésimos,Chile,XF
N# 2664,1,1962,1962,10 Centésimos,Chile,
N# 2664,1,1963,1963,10 Centésimos,Chile,XF
N# 2664,1,1963,1963,10 Centésimos,Chile,XF
N# 2664,1,1964,1964,10 Centésimos,Chile,AU
N# 2664,1,1965,1965,10 Centésimos,Chile,XF
N# 2664,1,1965,1965,10 Centésimos,Chile,XF
N# 2664,1,1966,1966,10 Centésimos,Chile,XF
N# 2664,1,1966,1966,10 Centésimos,Chile,
N# 2664,1,1967,1967,10 Centésimos,Chile,XF
N# 2664,1,1967,1967,10 Centésimos,Chile,
N# 2664,1,1968,1968,10 Centésimos,Chile,XF
N# 2664,1,1969,1969,10 Centésimos,Chile,AU
N# 2664,1,1969,1969,10 Centésimos,Chile,F
N# 2664,1,1969,1969,10 Centésimos,Chile,
N# 2664,1,1970,1970,10 Centésimos,Chile,AU
N# 2664,1,1970,1970,10 Centésimos,Chile,XF
N# 5400,3,1971,1971,10 Centésimos,Chile,AU
N# 4121,1,1971,1971,20 Centésimos,Chile,AU
N# 4121,2,1971,1971,20 Centésimos,Chile,XF
N# 4121,1,1972,1972,20 Centésimos,Chile,AU
N# 5398,1,1971,1971,50 Centésimos,Chile,AU
N# 2950,1,1971,1971,1 Escudo,Chile,AU
N# 2950,2,1971,1971,1 Escudo,Chile,
N# 2950,1,1972,1972,1 Escudo,Chile,AU
N# 4330,1,1971,1971,5 Escudos,Chile,AU
N# 4330,3,1971,1971,5 Escudos,Chile,
N# 4330,1,1972,1972,5 Escudos,Chile,AU
N# 6810,1,1972,1972,5 Escudos,Chile,XF
N# 1007,1,1974,1974,10 Escudos,Chile,XF
N# 1007,1,1974,1974,10 Escudos,Chile,
N# 6881,1,1974,1974,50 Escudos,Chile,XF
N# 6881,1,1975,1975,50 Escudos,Chile,XF
N# 5401,1,1974,1974,100 Escudos,Chile,XF
N# 5401,1,1974,1974,100 Escudos,Chile,
N# 5401,1,1975,1975,100 Escudos,Chile,XF
N# 5401,1,1975,1975,100 Escudos,Chile,
N# 204425,2,,1963,10 Centesimos (Overprint on 100 Pesos P#122),Chile,
N# 202813,1,,1970-1973,½ Escudo / 50 Centésimos de Escudo,Chile,
N# 202831,1,,,5 Escudos (2nd. type; red),Chile,
N# 205221,1,,1970,10 Escudos (1st. type; red serial),Chile,
N# 205221,1,,1971,10 Escudos (1st. type; red serial),Chile,
N# 205219,1,,1973,10 Escudos (2nd. type; blue/black serial),Chile,
N# 202856,1,,1970-1973,50 Escudos,Chile,
N# 224942,1,1971,1971,500 Escudos (Nationalization of Mining),Chile,
N# 3540,1,1975,1975,1 Centavo,Chile,XF
N# 6812,1,1975,1975,5 Centavos,Chile,AU
N# 5999,1,1976,1976,5 Centavos,Chile,XF
N# 6813,1,1975,1975,10 Centavos,Chile,AU
N# 6814,1,1976,1976,10 Centavos,Chile,VF
N# 6814,1,1977,1977,10 Centavos,Chile,VF
N# 6814,1,1978,1978,10 Centavos,Chile,XF
N# 6814,1,1978,1978,10 Centavos,Chile,
N# 6814,1,1979,1979,10 Centavos,Chile,AU
N# 1032,1,1975,1975,50 Centavos,Chile,XF
N# 1032,1,1976,1976,50 Centavos,Chile,AU
N# 1032,1,1977,1977,50 Centavos,Chile,XF
N# 6919,1,1978,1978,50 Centavos,Chile,XF
N# 6919,1,1978,1978,50 Centavos,Chile,VF
N# 6919,1,1979,1979,50 Centavos,Chile,AU
N# 6815,1,1975,1975,"1 Peso (""BERNARDO O'HIGGINS"")",Chile,XF
N# 6815,1,1975,1975,"1 Peso (""BERNARDO O'HIGGINS"")",Chile,
N# 2301,1,1976,1976,"1 Peso (""LIBERTADOR B. O'HIGGINS"")",Chile,XF
N# 2301,1,1977,1977,"1 Peso (""LIBERTADOR B. O'HIGGINS"")",Chile,VF
N# 2844,1,1978,1978,1 Peso (large issue),Chile,XF
N# 2844,2,1979,1979,1 Peso (large issue),Chile,XF
N# 5426,1,1981,1981,1 Peso (small issue),Chile,XF
N# 5426,2,1984,1984,1 Peso (small issue),Chile,VF
N# 5426,1,1985,1985,1 Peso (small issue),Chile,XF
N# 5426,2,1986,1986,1 Peso (small issue),Chile,XF
N# 5426,1,1987,1987,1 Peso (small issue),Chile,XF
N# 5426,1,1987,1987,1 Peso (small issue),Chile,
N# 5426,1,1988,1988,1 Peso (small issue),Chile,XF
N# 5426,1,1989,1989,1 Peso (small issue),Chile,XF
N# 5426,4,1989,1989,1 Peso (small issue),Chile,
N# 5426,2,1990,1990,1 Peso (small issue),Chile,XF
N# 5426,4,1991,1991,1 Peso (small issue),Chile,XF
N# 5426,1,1992,1992,1 Peso (small issue),Chile,XF
N# 1866,1,1992,1992,1 Peso,Chile,XF
N# 1866,1,1993,1993,1 Peso,Chile,XF
N# 1866,2,1994,1994,1 Peso,Chile,VF
N# 1866,2,1995,1995,1 Peso,Chile,XF
N# 1866,2,1996,1996,1 Peso,Chile,XF
N# 1866,1,1997,1997,1 Peso,Chile,XF
N# 1866,3,1998,1998,1 Peso,Chile,XF
N# 1866,2,1999,1999,1 Peso,Chile,VF
N# 1866,3,2000,2000,1 Peso,Chile,VF
N# 1866,4,2001,2001,1 Peso,Chile,XF
N# 1866,1,2002,2002,1 Peso,Chile,XF
N# 1866,1,2003,2003,1 Peso,Chile,XF
N# 1866,3,2004,2004,1 Peso,Chile,XF
N# 1866,3,2005,2005,1 Peso,Chile,XF
N# 1866,4,2006,2006,1 Peso,Chile,XF
N# 1866,4,2008,2008,1 Peso,Chile,XF
N# 1866,3,2009,2009,1 Peso,Chile,XF
N# 1866,4,2011,2011,1 Peso,Chile,AU
N# 1866,5,2012,2012,1 Peso,Chile,AU
N# 1866,5,2013,2013,1 Peso,Chile,AU
N# 1866,1,2015,2015,1 Peso,Chile,AU
N# 988,1,1976,1976,5 Pesos,Chile,XF
N# 988,2,1977,1977,5 Pesos,Chile,XF
N# 988,1,1978,1978,5 Pesos,Chile,XF
N# 988,1,1980,1980,5 Pesos,Chile,XF
N# 3761,1,1981,1981,5 Pesos,Chile,XF
N# 3761,1,1981,1981,5 Pesos,Chile,
N# 3761,1,1982,1982,5 Pesos,Chile,XF
N# 3761,1,1982,1982,5 Pesos,Chile,
N# 3761,1,1984,1984,5 Pesos,Chile,XF
N# 3761,1,1984,1984,5 Pesos,Chile,
N# 3761,1,1985,1985,5 Pesos,Chile,VF
N# 3761,1,1985,1985,5 Pesos,Chile,
N# 3761,1,1986,1986,5 Pesos,Chile,XF
N# 3761,2,1986,1986,5 Pesos,Chile,
N# 3761,1,1987,1987,5 Pesos,Chile,XF
N# 3761,1,1988,1988,5 Pesos,Chile,XF
N# 3761,1,1988,1988,5 Pesos,Chile,XF
N# 3761,1,1989,1989,5 Pesos,Chile,XF
N# 3761,2,1989,1989,5 Pesos,Chile,
N# 3761,1,1990,1990,5 Pesos,Chile,XF
N# 3761,2,1990,1990,5 Pesos,Chile,
N# 3761,3,1990,1990,5 Pesos,Chile,
N# 7399,1,1990,1990,5 Pesos,Chile,VF
N# 7399,1,1991,1991,5 Pesos,Chile,VF
N# 7399,1,1992,1992,5 Pesos,Chile,VF
N# 7399,3,1992,1992,5 Pesos,Chile,
N# 2843,1,1992,1992,5 Pesos,Chile,XF
N# 2843,2,1993,1993,5 Pesos,Chile,XF
N# 2843,1,1994,1994,5 Pesos,Chile,VF
N# 2843,2,1995,1995,5 Pesos,Chile,XF
N# 2843,2,1996,1996,5 Pesos,Chile,VF
N# 2843,4,1997,1997,5 Pesos,Chile,XF
N# 2843,4,1998,1998,5 Pesos,Chile,XF
N# 2843,4,1999,1999,5 Pesos,Chile,XF
N# 2843,4,2000,2000,5 Pesos,Chile,XF
N# 2843,2,2001,2001,5 Pesos,Chile,XF
N# 2843,1,2001,2001,5 Pesos,Chile,XF
N# 2843,3,2002,2002,5 Pesos,Chile,XF
N# 2843,1,2002,2002,5 Pesos,Chile,XF
N# 2843,4,2003,2003,5 Pesos,Chile,XF
N# 2843,4,2004,2004,5 Pesos,Chile,XF
N# 2843,2,2005,2005,5 Pesos,Chile,XF
N# 2843,6,2006,2006,5 Pesos,Chile,AU
N# 2843,3,2007,2007,5 Pesos,Chile,AU
N# 2843,8,2008,2008,5 Pesos,Chile,AU
N# 2843,4,2009,2009,5 Pesos,Chile,XF
N# 2843,4,2010,2010,5 Pesos,Chile,XF
N# 2843,4,2011,2011,5 Pesos,Chile,AU
N# 2843,5,2012,2012,5 Pesos,Chile,AU
N# 2843,5,2013,2013,5 Pesos,Chile,AU
N# 2843,1,2014,2014,5 Pesos,Chile,AU
N# 2843,2,2015,2015,5 Pesos,Chile,AU
N# 2689,1,1976,1976,10 Pesos,Chile,AU
N# 2689,1,1977,1977,10 Pesos,Chile,AU
N# 2689,1,1978,1978,10 Pesos,Chile,AU
N# 2689,1,1979,1979,10 Pesos,Chile,XF
N# 2689,1,1980,1980,10 Pesos,Chile,XF
N# 2842,4,1981,1981,10 Pesos,Chile,XF
N# 2842,1,1982,1982,10 Pesos,Chile,XF
N# 2842,3,1982,1982,10 Pesos,Chile,
N# 2842,4,1984,1984,10 Pesos,Chile,XF
N# 2842,1,1985,1985,10 Pesos,Chile,XF
N# 2842,1,1986,1986,10 Pesos,Chile,XF
N# 2842,1,1986,1986,10 Pesos,Chile,
N# 2842,1,1986,1986,10 Pesos,Chile,XF
N# 2842,3,1986,1986,10 Pesos,Chile,
N# 2842,1,1987,1987,10 Pesos,Chile,XF
N# 2842,3,1988,1988,10 Pesos,Chile,XF
N# 2842,1,1988,1988,10 Pesos,Chile,XF
N# 2842,1,1989,1989,10 Pesos,Chile,XF
N# 2842,3,1989,1989,10 Pesos,Chile,
N# 2842,1,1990,1990,10 Pesos,Chile,XF
N# 2842,4,1990,1990,10 Pesos,Chile,
N# 2756,1,1990,1990,10 Pesos,Chile,XF
N# 2756,2,1990,1990,10 Pesos,Chile,XF
N# 2756,1,1990,1990,10 Pesos,Chile,XF
N# 2756,1,1990,1990,10 Pesos,Chile,XF
N# 2756,3,1991,1991,10 Pesos,Chile,XF
N# 2756,3,1992,1992,10 Pesos,Chile,XF
N# 2756,3,1993,1993,10 Pesos,Chile,XF
N# 2756,3,1994,1994,10 Pesos,Chile,XF
N# 2756,3,1995,1995,10 Pesos,Chile,XF
N# 2756,3,1996,1996,10 Pesos,Chile,XF
N# 2756,4,1997,1997,10 Pesos,Chile,XF
N# 2756,3,1998,1998,10 Pesos,Chile,XF
N# 2756,3,1999,1999,10 Pesos,Chile,XF
N# 2756,2,2000,2000,10 Pesos,Chile,XF
N# 2756,3,2002,2002,10 Pesos,Chile,XF
N# 2756,2,2003,2003,10 Pesos,Chile,XF
N# 2756,2,2004,2004,10 Pesos,Chile,XF
N# 2756,4,2005,2005,10 Pesos,Chile,XF
N# 2756,2,2006,2006,10 Pesos,Chile,XF
N# 2756,2,2007,2007,10 Pesos,Chile,XF
N# 2756,2,2008,2008,10 Pesos,Chile,XF
N# 2756,2,2009,2009,10 Pesos,Chile,XF
N# 2756,2,2010,2010,10 Pesos,Chile,XF
N# 2756,2,2010,2010,10 Pesos,Chile,XF
N# 2756,2,2011,2011,10 Pesos,Chile,AU
N# 2756,2,2012,2012,10 Pesos,Chile,AU
N# 2756,2,2013,2013,10 Pesos,Chile,AU
N# 2756,4,2014,2014,10 Pesos,Chile,AU
N# 2756,2,2014,2014,10 Pesos,Chile,AU
N# 2756,2,2015,2015,10 Pesos,Chile,AU
N# 2756,2,2015,2015,10 Pesos,Chile,AU
N# 2756,2,2016,2016,10 Pesos,Chile,AU
N# 2756,1,2017,2017,10 Pesos,Chile,AU
N# 2756,1,2019,2019,10 Pesos,Chile,AU
N# 2756,1,2020,2020,10 Pesos,Chile,AU
N# 2756,1,2021,2021,10 Pesos,Chile,AU
N# 2756,2,2022,2022,10 Pesos,Chile,AU
N# 2756,2,2023,2023,10 Pesos,Chile,AU
N# 2756,1,2026,2026,10 Pesos,Chile,AU
N# 2756,1,2026,2026,10 Pesos,Chile,AU
N# 2834,1,1981,1981,50 Pesos,Chile,XF
N# 2834,2,1982,1982,50 Pesos,Chile,XF
N# 2834,1,1985,1985,50 Pesos,Chile,XF
N# 2834,2,1986,1986,50 Pesos,Chile,XF
N# 2834,2,1987,1987,50 Pesos,Chile,XF
N# 2834,1,1988,1988,50 Pesos,Chile,XF
N# 2834,1,1989,1989,50 Pesos,Chile,XF
N# 2834,1,1989,1989,50 Pesos,Chile,VF
N# 2834,1,1991,1991,50 Pesos,Chile,XF
N# 2834,1,1992,1992,50 Pesos,Chile,XF
N# 2834,1,1993,1993,50 Pesos,Chile,XF
N# 2834,1,1993,1993,50 Pesos,Chile,XF
N# 2834,1,1994,1994,50 Pesos,Chile,XF
N# 2834,2,1995,1995,50 Pesos,Chile,XF
N# 2834,1,1996,1996,50 Pesos,Chile,XF
N# 2834,1,1997,1997,50 Pesos,Chile,XF
N# 2834,1,1998,1998,50 Pesos,Chile,XF
N# 2834,2,1999,1999,50 Pesos,Chile,XF
N# 2834,1,2000,2000,50 Pesos,Chile,XF
N# 2834,1,2001,2001,50 Pesos,Chile,XF
N# 2834,1,2002,2002,50 Pesos,Chile,XF
N# 2834,1,2005,2005,50 Pesos,Chile,XF
N# 2834,1,2006,2006,50 Pesos,Chile,XF
N# 2834,1,2007,2007,50 Pesos,Chile,XF
N# 2834,1,2008,2008,50 Pesos,Chile,VF
N# 2834,4,2008,2008,50 Pesos,Chile,XF
N# 2834,6,2008,2008,50 Pesos,Chile,XF
N# 2834,2,2009,2009,50 Pesos,Chile,XF
N# 2834,1,2009,2009,50 Pesos,Chile,AU
N# 2834,1,2010,2010,50 Pesos,Chile,XF
N# 2834,1,2010,2010,50 Pesos,Chile,XF
N# 2834,1,2010,2010,50 Pesos,Chile,XF
N# 2834,1,2010,2010,50 Pesos,Chile,XF
N# 2834,1,2011,2011,50 Pesos,Chile,XF
N# 2834,1,2012,2012,50 Pesos,Chile,AU
N# 2834,1,2013,2013,50 Pesos,Chile,AU
N# 2834,2,2014,2014,50 Pesos,Chile,AU
N# 2834,1,2015,2015,50 Pesos,Chile,AU
N# 2834,1,2016,2016,50 Pesos,Chile,AU
N# 2834,1,2017,2017,50 Pesos,Chile,AU
N# 2834,1,2018,2018,50 Pesos,Chile,AU
N# 2834,1,2019,2019,50 Pesos,Chile,AU
N# 2834,1,2021,2021,50 Pesos,Chile,AU
N# 2834,1,2022,2022,50 Pesos,Chile,AU
N# 2834,1,2023,2023,50 Pesos,Chile,AU
N# 2834,1,2023,2023,50 Pesos,Chile,AU
N# 2834,1,2024,2024,50 Pesos,Chile,AU
N# 2834,2,2024,2024,50 Pesos,Chile,AU
N# 2302,1,1981,1981,100 Pesos,Chile,XF
N# 2302,1,1984,1984,100 Pesos,Chile,XF
N# 2302,1,1984,1984,100 Pesos,Chile,XF
N# 2302,2,1985,1985,100 Pesos,Chile,XF
N# 2302,1,1986,1986,100 Pesos,Chile,XF
N# 2302,1,1987,1987,100 Pesos,Chile,XF
N# 2302,1,1989,1989,100 Pesos,Chile,XF
N# 2302,1,1991,1991,100 Pesos,Chile,XF
N# 2302,1,1992,1992,100 Pesos,Chile,XF
N# 2302,1,1993,1993,100 Pesos,Chile,XF
N# 2302,1,1994,1994,100 Pesos,Chile,XF
N# 2302,1,1995,1995,100 Pesos,Chile,XF
N# 2302,1,1996,1996,100 Pesos,Chile,XF
N# 2302,1,1997,1997,100 Pesos,Chile,XF
N# 2302,1,1998,1998,100 Pesos,Chile,XF
N# 2302,2,1999,1999,100 Pesos,Chile,XF
N# 2302,2,2000,2000,100 Pesos,Chile,XF
N# 2845,2,2001,2001,100 Pesos,Chile,XF
N# 2845,1,2003,2003,100 Pesos,Chile,XF
N# 2845,1,2004,2004,100 Pesos,Chile,XF
N# 2845,1,2005,2005,100 Pesos,Chile,XF
N# 2845,1,2006,2006,100 Pesos,Chile,XF
N# 2845,1,2008,2008,100 Pesos,Chile,XF
N# 2845,1,2009,2009,100 Pesos,Chile,XF
N# 2845,1,2010,2010,100 Pesos,Chile,XF
N# 2845,1,2011,2011,100 Pesos,Chile,XF
N# 2845,1,2012,2012,100 Pesos,Chile,XF
N# 2845,1,2012,2012,100 Pesos,Chile,XF
N# 2845,1,2012,2012,100 Pesos,Chile,XF
N# 2845,1,2013,2013,100 Pesos,Chile,AU
N# 2845,1,2014,2014,100 Pesos,Chile,AU
N# 2845,1,2015,2015,100 Pesos,Chile,AU
N# 2845,1,2016,2016,100 Pesos,Chile,AU
N# 2845,1,2017,2017,100 Pesos,Chile,AU
N# 2845,1,2018,2018,100 Pesos,Chile,AU
N# 2845,1,2021,2021,100 Pesos,Chile,AU
N# 2845,1,2022,2022,100 Pesos,Chile,AU
N# 2845,1,2023,2023,100 Pesos,Chile,AU
N# 474034,1,2025,2025,100 Pesos (100 Years of the Central Bank of Chile),Chile,AU
N# 474034,1,2025,2025,100 Pesos (100 Years of the Central Bank of Chile),Chile,AU
N# 474034,1,2025,2025,100 Pesos (100 Years of the Central Bank of Chile),Chile,AU
N# 2722,1,2000,2000,500 Pesos,Chile,XF
N# 2722,1,2001,2001,500 Pesos,Chile,XF
N# 2722,1,2002,2002,500 Pesos,Chile,XF
N# 2722,1,2002,2002,500 Pesos,Chile,XF
N# 2722,1,2003,2003,500 Pesos,Chile,XF
N# 2722,1,2008,2008,500 Pesos,Chile,XF
N# 2722,1,2008,2008,500 Pesos,Chile,XF
N# 2722,1,2008,2008,500 Pesos,Chile,XF
N# 2722,1,2010,2010,500 Pesos,Chile,XF
N# 2722,1,2011,2011,500 Pesos,Chile,XF
N# 2722,1,2012,2012,500 Pesos,Chile,AU
N# 2722,1,2013,2013,500 Pesos,Chile,AU
N# 2722,1,2014,2014,500 Pesos,Chile,AU
N# 2722,1,2015,2015,500 Pesos,Chile,AU
N# 2722,1,2016,2016,500 Pesos,Chile,AU
N# 2722,1,2017,2017,500 Pesos,Chile,AU
N# 2722,1,2018,2018,500 Pesos,Chile,AU
N# 2722,1,2019,2019,500 Pesos,Chile,AU
N# 2722,1,2021,2021,500 Pesos,Chile,AU
N# 2722,1,2022,2022,500 Pesos,Chile,AU
N# 2722,1,2023,2023,500 Pesos,Chile,XF
N# 27181,1,1993,1993,2000 Pesos (Anniversary of the Mint),Chile,AU
N# 27182,1,1991,1991,10 000 Pesos (Ibero-American Series),Chile,UNC
N# 205243,1,1975,1975,50 Pesos,Chile,
N# 205241,1,1981,1981,100 Pesos,Chile,
N# 205230,1,2000,2000,500 Pesos,Chile,
N# 203431,1,2002,2002,1000 Pesos,Chile,
N# 203431,1,2008,2008,1000 Pesos,Chile,
N# 203431,1,2009,2009,1000 Pesos,Chile,
N# 204783,1,2008,2008,2000 Pesos (Polymer),Chile,
N# 205659,1,2008,2008,5000 Pesos,Chile,
N# 1221,1,1987,1987,2 Fen,"China, People's Republic of",AU
N# 1221,1,1990,1990,2 Fen,"China, People's Republic of",AU
N# 1217,1,1994,1994,1 Jiao,"China, People's Republic of",VF
N# 1223,1,2012,2012,1 Jiao (magnetic),"China, People's Republic of",
N# 1223,1,2012,2012,1 Jiao (magnetic),"China, People's Republic of",
N# 1223,1,2013,2013,1 Jiao (magnetic),"China, People's Republic of",AU
N# 178135,1,2020,2020,1 Jiao,"China, People's Republic of",AU
N# 1163,1,1995,1995,5 Jiao,"China, People's Republic of",XF
N# 1222,1,2014,2014,5 Jiao,"China, People's Republic of",
N# 1222,1,2017,2017,5 Jiao,"China, People's Republic of",AU
N# 667,1,1997,1997,1 Yuan,"China, People's Republic of",AU
N# 295744,1,,,"Replica - 1 Yuan (Yuan Shikai ""Fat Man"" Dollar)","China, People's Republic of",
N# 90058,1,,,Token - Incredible,"China, People's Republic of",
N# 1575,1,1950,1950,10 Cents - George VI,Hong Kong,VF
N# 1574,1,1964,1964,10 Cents - Elizabeth II (1st portrait; security edge),Hong Kong,VF
N# 1580,1,1982,1982,10 Cents - Elizabeth II (2nd portrait),Hong Kong,XF
N# 1579,1,1997,1997,10 Cents,Hong Kong,XF
N# 1579,1,1997,1997,10 Cents,Hong Kong,
N# 1584,1,1997,1997,20 Cents,Hong Kong,AU
N# 1578,1,1998,1998,50 Cents,Hong Kong,XF
N# 1577,1,1989,1989,1 Dollar - Elizabeth II (3rd portrait),Hong Kong,AU
N# 2118,1,1995,1995,1 Dollar,Hong Kong,XF
N# 4218,1,1980,1980,5 Dollars - Elizabeth II (2nd portrait),Hong Kong,AU
N# 6987,1,2010,2010,5 Patacas,Macau,AU
N# 1010,1,1967,1967,1 Centavo,Colombia,XF
N# 3010,1,1938,1938,5 Centavos (Liberty),Colombia,VG
N# 1363,1,1943,1943,5 Centavos (Phrygian Cap),Colombia,G
N# 5571,1,1969,1969,5 Centavos,Colombia,VF
N# 5094,1,1959,1959,10 Centavos,Colombia,VF
N# 2434,1,1969,1969,10 Centavos (divided legend),Colombia,XF
N# 1323,1,1966,1966,20 Centavos,Colombia,VF
N# 7599,1,1979,1979,25 Centavos,Colombia,XF
N# 5098,1,1979,1979,50 Centavos,Colombia,VF
N# 6829,1,1967,1967,1 Peso,Colombia,AU
N# 1359,1,1976,1976,1 Peso,Colombia,VF
N# 1359,1,1979,1979,1 Peso,Colombia,XF
N# 910,1,1987,1987,5 Pesos,Colombia,VF
N# 6043,1,1993,1993,10 Pesos,Colombia,AU
N# 2303,1,1985,1985,20 Pesos,Colombia,VF
N# 2847,1,1991,1991,20 Pesos,Colombia,XF
N# 2581,1,2005,2005,20 Pesos,Colombia,XF
N# 1073,1,1991,1991,50 Pesos (non-magnetic),Colombia,XF
N# 1073,1,2005,2005,50 Pesos (non-magnetic),Colombia,VF
N# 47429,1,2012,2012,50 Pesos (magnetic),Colombia,AU
N# 34771,1,2018,2018,50 Pesos,Colombia,AU
N# 2433,1,1995,1995,100 Pesos,Colombia,VF
N# 2433,1,1995,1995,100 Pesos,Colombia,
N# 2433,1,2008,2008,100 Pesos,Colombia,
N# 34772,1,2016,2016,100 Pesos,Colombia,AU
N# 1051,1,1995,1995,200 Pesos,Colombia,XF
N# 1051,1,2008,2008,200 Pesos,Colombia,
N# 1051,1,2009,2009,200 Pesos,Colombia,
N# 34773,1,2014,2014,200 Pesos,Colombia,VF
N# 34773,1,2015,2015,200 Pesos,Colombia,
N# 34773,1,2016,2016,200 Pesos,Colombia,VF
N# 34773,1,2022,2022,200 Pesos,Colombia,AU
N# 2432,1,1995,1995,500 Pesos,Colombia,AU
N# 34774,1,2017,2017,500 Pesos,Colombia,AU
N# 34775,1,2015,2015,1000 Pesos,Colombia,AU
N# 35655,1,2011,2011,Mint Token - Bicencennial of Independence of Cartagena,Colombia,AU
N# 3536,1,1967,1967,10 Sengi,Republic of the Congo (Léopoldville),AU
N# 7679,1,2002,2002,25 Centimes (Weasel),Democratic Republic of the Congo,UNC
N# 7682,1,2002,2002,50 Centimes (Soccer),Democratic Republic of the Congo,UNC
N# 3669,1,2003,2003,1 Cent - Elizabeth II (James Cook),Cook Islands,UNC
N# 3670,1,2003,2003,1 Cent - Elizabeth II (Pointer),Cook Islands,UNC
N# 3672,1,2000,2000,5 Cents - Elizabeth II (FAO),Cook Islands,UNC
N# 8746,1,1918,1918,10 Centavos,Costa Rica,VG
N# 2603,1,1970,1970,50 Céntimos,Costa Rica,VF
N# 3978,1,1978,1978,2 Colones,Costa Rica,AU
N# 1053,1,1982,1982,2 Colones,Costa Rica,XF
N# 69,1,1985,1985,5 Colones,Costa Rica,AU
N# 3268,1,2008,2008,5 Colones,Costa Rica,AU
N# 3270,1,1992,1992,10 Colones,Costa Rica,AU
N# 5198,1,1999,1999,10 Colones,Costa Rica,AU
N# 3756,1,2008,2008,10 Colones (Aluminium),Costa Rica,VF
N# 6834,1,1983,1983,20 Colones (Stainless steel),Costa Rica,AU
N# 236581,1,2005,2005,25 Colones (2nd coat of arms; non-magnetic; smooth edge),Costa Rica,XF
N# 8486,1,2007,2010,50 Colones,Costa Rica,AU
N# 470653,1,2023,2023,50 Colones (Hawksbill turtle),Costa Rica,AU
N# 6958,1,2000,2000,100 Colones,Costa Rica,AU
N# 1989,1,2019,2019,5 Lipa (Croatian text),Croatia,XF
N# 1272,1,1997,1997,10 Lipa (Croatian text),Croatia,
N# 1272,1,2007,2007,10 Lipa (Croatian text),Croatia,
N# 1272,1,2011,2011,10 Lipa (Croatian text),Croatia,XF
N# 2495,1,2015,2015,20 Lipa (Croatian text),Croatia,AU
N# 1987,1,1993,1993,50 Lipa (Croatian text),Croatia,XF
N# 1987,1,1995,1995,50 Lipa (Croatian text),Croatia,AU
N# 1988,1,2017,2017,1 Kuna (Croatian text),Croatia,XF
N# 2378,1,2013,2013,5 Kuna (Croatian text),Croatia,XF
N# 4272,1,1915,1915,1 Centavo,Cuba,XF
N# 5116,1,1953,1953,1 Centavo (José Martí),Cuba,XF
N# 1017,1,1987,1987,1 Centavo (Patria o Muerte),Cuba,VG
N# 5872,1,1986,1986,2 Centavos (Patria o Muerte),Cuba,AU
N# 2856,1,1961,1961,5 Centavos,Cuba,XF
N# 2855,1,1968,1968,5 Centavos (Patria y Libertad),Cuba,VF
N# 2855,1,1971,1971,5 Centavos (Patria y Libertad),Cuba,F
N# 245848,1,2017,2017,5 Centavos (Patria o Muerte),Cuba,F
N# 2859,1,1972,1972,20 Centavos,Cuba,F
N# 4469,1,1995,1995,3 Pesos (Che Guevara),Cuba,AU
N# 10097,1,1988,1988,5 Centavos (INTUR),Cuba,XF
N# 928,1,1981,1981,"10 Centavos (INTUR - large ""10"")",Cuba,XF
N# 6854,1,2007,2007,1 Centavo,Cuba,XF
N# 960,1,1994,1994,5 Centavos,Cuba,
N# 960,1,1998,1998,5 Centavos,Cuba,AU
N# 960,1,2016,2016,5 Centavos,Cuba,AU
N# 1054,1,1994,1994,10 Centavos,Cuba,AU
N# 1056,1,1994,1994,25 Centavos,Cuba,AU
N# 2604,1,2012,2012,1 Peso,Cuba,AU
N# 5646,1,1963,1963,1 Mil,Cyprus,AU
N# 4989,1,1981,1981,5 Mils,Cyprus,XF
N# 156084,1,2003,2003,2 Cents (Type 2 coat of arms),Cyprus,XF
N# 1950,1,1983,1983,5 Cents (Type 1 coat of arms; solid value number),Cyprus,XF
N# 1950,1,1983,1983,5 Cents (Type 1 coat of arms; solid value number),Cyprus,
N# 3063,1,1943,1943,1 Koruna,Bohemia and Moravia,XF
N# 2151,1,1995,1995,20 Haléřů,Czech Republic,VG
N# 2156,1,1997,1997,50 Haléřů,Czech Republic,XF
N# 2150,1,1993,1993,1 Koruna,Czech Republic,AU
N# 2150,1,1994,1994,1 Koruna,Czech Republic,AU
N# 2155,1,2003,2003,2 Koruny,Czech Republic,
N# 2155,1,2011,2011,2 Koruny,Czech Republic,AU
N# 2149,1,2009,2009,5 Korun,Czech Republic,AU
N# 2152,1,1993,1993,10 Korun,Czech Republic,XF
N# 2148,1,1993,1993,20 Korun,Czech Republic,XF
N# 3968,1,2017,2017,50 Korun,Czech Republic,AU
N# 2645,1,1962,1962,10 Haléřů,Czechoslovakia,F
N# 2645,1,1963,1963,10 Haléřů,Czechoslovakia,VF
N# 3274,1,1988,1988,10 Haléřů,Czechoslovakia,XF
N# 2021,1,1982,1982,20 Haléřů,Czechoslovakia,XF
N# 2644,1,1962,1962,1 Koruna,Czechoslovakia,VF
N# 5265,1,,,1 Øre - Christian IX,Denmark,F
N# 8497,1,1916,1916,1 Øre - Christian X (Bronze),Denmark,XF
N# 6850,1,1928,1928,1 Øre - Christian X,Denmark,XF
N# 5059,1,1944,1944,1 Øre - Christian X (German Occupation; zinc),Denmark,VF
N# 1410,1,,,1 Øre - Frederik IX,Denmark,
N# 1410,1,1957,1957,1 Øre - Frederik IX,Denmark,F
N# 1410,1,1962,1962,1 Øre - Frederik IX,Denmark,
N# 1410,1,1965,1965,1 Øre - Frederik IX,Denmark,VF
N# 1410,1,1968,1968,1 Øre - Frederik IX,Denmark,VG
N# 1410,1,1970,1970,1 Øre - Frederik IX,Denmark,VF
N# 6452,1,1927,1927,2 Øre - Christian X,Denmark,F
N# 6401,1,1941,1941,2 Øre - Christian X (German Occupation; aluminium),Denmark,VF
N# 6401,1,1941,1941,2 Øre - Christian X (German Occupation; aluminium),Denmark,VF
N# 6400,1,1943,1943,2 Øre - Christian X (German Occupation; zinc),Denmark,F
N# 1038,1,1950,1950,2 Øre - Frederik IX,Denmark,VF
N# 1038,1,1966,1966,2 Øre - Frederik IX,Denmark,
N# 1038,1,1969,1969,2 Øre - Frederik IX,Denmark,
N# 4925,1,1927,1927,5 Øre - Christian X,Denmark,AU
N# 7113,1,1941,1941,5 Øre - Christian X (German Occupation; aluminium),Denmark,VF
N# 7890,1,1943,1943,5 Øre - Christian X (German Occupation; zinc),Denmark,VF
N# 1409,1,1951,1951,5 Øre - Frederik IX,Denmark,VG
N# 1000,1,1964,1964,5 Øre - Frederik IX,Denmark,VF
N# 1000,1,1967,1967,5 Øre - Frederik IX,Denmark,AU
N# 1000,1,1971,1971,5 Øre - Frederik IX,Denmark,XF
N# 1407,1,1973,1973,5 Øre - Margrethe II,Denmark,XF
N# 1407,1,1976,1976,5 Øre - Margrethe II,Denmark,
N# 1407,1,1978,1978,5 Øre - Margrethe II,Denmark,
N# 1407,1,1980,1980,5 Øre - Margrethe II,Denmark,VF
N# 1407,1,1986,1986,5 Øre - Margrethe II,Denmark,
N# 1407,1,1987,1987,5 Øre - Margrethe II,Denmark,
N# 1413,1,1926,1926,10 Øre - Christian X,Denmark,F
N# 2133,1,1949,1949,10 Øre - Frederik IX,Denmark,VF
N# 2133,1,1951,1951,10 Øre - Frederik IX,Denmark,XF
N# 2133,1,1954,1954,10 Øre - Frederik IX,Denmark,F
N# 2133,1,1955,1955,10 Øre - Frederik IX,Denmark,
N# 2133,1,1957,1957,10 Øre - Frederik IX,Denmark,XF
N# 2133,1,1958,1958,10 Øre - Frederik IX,Denmark,
N# 2133,1,1960,1960,10 Øre - Frederik IX,Denmark,VF
N# 981,1,1963,1963,10 Øre - Frederik IX,Denmark,
N# 981,1,1965,1965,10 Øre - Frederik IX,Denmark,XF
N# 981,1,1969,1969,10 Øre - Frederik IX,Denmark,XF
N# 981,1,1970,1970,10 Øre - Frederik IX,Denmark,
N# 981,1,1971,1971,10 Øre - Frederik IX,Denmark,
N# 1423,1,1973,1973,10 Øre - Margrethe II,Denmark,XF
N# 1423,1,1976,1976,10 Øre - Margrethe II,Denmark,
N# 3803,1,1924,1924,25 Øre - Christian X,Denmark,VF
N# 1412,1,1950,1950,25 Øre - Frederik IX,Denmark,XF
N# 1412,1,1953,1953,25 Øre - Frederik IX,Denmark,VF
N# 6857,1,1962,1962,25 Øre - Frederik IX,Denmark,AU
N# 971,1,1967,1967,25 Øre - Frederik IX,Denmark,AU
N# 1411,1,1975,1975,25 Øre - Margrethe II,Denmark,XF
N# 1411,1,1977,1977,25 Øre - Margrethe II,Denmark,AU
N# 1411,1,1983,1983,25 Øre - Margrethe II,Denmark,XF
N# 1057,1,1990,1990,25 Øre,Denmark,XF
N# 14514,1,1925,1925,½ Krone - Christian X,Denmark,XF
N# 1415,1,1989,1989,50 Øre,Denmark,XF
N# 1415,1,1995,1995,50 Øre,Denmark,
N# 5064,1,1936,1936,1 Krone - Christian X,Denmark,XF
N# 1414,1,1956,1956,1 Krone - Frederik IX,Denmark,VF
N# 1408,1,1963,1963,1 Krone - Frederik IX,Denmark,VF
N# 1408,1,1968,1968,1 Krone - Frederik IX,Denmark,
N# 1416,1,1981,1981,1 Krone - Margrethe II,Denmark,XF
N# 1417,1,2007,2007,1 Krone - Margrethe II,Denmark,AU
N# 4926,1,1939,1939,2 Kroner - Christian X,Denmark,AU
N# 1418,1,1956,1956,2 Kroner - Frederik IX,Denmark,VF
N# 1419,1,1992,1992,2 Kroner - Margrethe II,Denmark,XF
N# 1421,1,1974,1974,5 Kroner - Margrethe II,Denmark,AU
N# 2379,1,1979,1979,10 Kroner - Margrethe II (1st portrait),Denmark,AU
N# 817,1,1989,1989,10 Kroner - Margrethe II (2nd portrait),Denmark,XF
N# 1469,1,1994,1994,20 Kroner - Margrethe II (3rd portrait),Denmark,XF
N# 14601,1,2008,2008,20 Kroner - Margrethe II (HMY Dannebrog),Denmark,AU
N# 2035,1,2007,2007,50 Francs,Djibouti,XF
N# 8113,1,1968,1968,1 Centavo,Dominican Republic,VF
N# 8113,1,1975,1975,1 Centavo,Dominican Republic,XF
N# 7036,1,1974,1974,5 Centavos,Dominican Republic,XF
N# 7036,1,1974,1974,5 Centavos,Dominican Republic,
N# 8278,1,1976,1976,25 Centavos (Juan Pablo Duarte),Dominican Republic,F
N# 3455,1,1986,1986,25 Centavos (Mirabal Sisters),Dominican Republic,XF
N# 1089,1,1991,1991,25 Centavos,Dominican Republic,XF
N# 836,1,1991,1991,1 Peso (non-magnetic),Dominican Republic,
N# 836,1,2002,2002,1 Peso (non-magnetic),Dominican Republic,VF
N# 45819,1,2008,2008,1 Peso (magnetic),Dominican Republic,XF
N# 1400,1,1997,1997,5 Pesos (Central Bank),Dominican Republic,VF
N# 2504,1,2010,2010,5 Pesos (magnetic),Dominican Republic,XF
N# 2401,1,2005,2005,10 Pesos,Dominican Republic,XF
N# 165951,1,2017,2017,10 Pesos Dominicanos,Dominican Republic,AU
N# 3563,1,2008,2008,25 Pesos,Dominican Republic,XF
N# 189944,1,2021,2021,25 Pesos Dominicanos,Dominican Republic,VF
N# 72,1,1962,1962,1 Cent - Elizabeth II (1st portrait),Eastern Caribbean States,VF
N# 2284,1,1955,1955,10 Cents - Elizabeth II (1st portrait),Eastern Caribbean States,XF
N# 2283,1,1965,1965,25 Cents - Elizabeth II (1st portrait),Eastern Caribbean States,XF
N# 3801,1,2002,2002,1 Cent - Elizabeth II (4th portrait),Eastern Caribbean States,AU
N# 3801,1,2011,2011,1 Cent - Elizabeth II (4th portrait),Eastern Caribbean States,AU
N# 1058,1,1998,1998,2 Cents - Elizabeth II (2nd portrait),Eastern Caribbean States,XF
N# 5713,1,2002,2002,5 Cents - Elizabeth II (4th portrait),Eastern Caribbean States,XF
N# 31888,1,2018,2018,10 Cents - Elizabeth II (4th portrait),Eastern Caribbean States,AU
N# 30970,1,1909,1909,½ Centavo,Ecuador,VF
N# 4966,1,1919,1919,5 Centavos,Ecuador,XF
N# 9441,1,1964,1964,10 Centavos,Ecuador,XF
N# 9441,1,1968,1968,10 Centavos,Ecuador,
N# 2979,1,1959,1959,20 Centavos,Ecuador,VF
N# 2979,1,1971,1971,20 Centavos,Ecuador,XF
N# 9470,1,1974,1974,20 Centavos,Ecuador,VF
N# 570,1,1946,1946,1 Sucre,Ecuador,VF
N# 570,1,1946,1946,1 Sucre,Ecuador,VF
N# 5570,1,1959,1959,1 Sucre,Ecuador,VF
N# 5569,1,1970,1970,1 Sucre (stylized hairstyle),Ecuador,XF
N# 5569,1,1981,1981,1 Sucre (stylized hairstyle),Ecuador,AU
N# 4408,1,1977,1977,1 Sucre (wavy hairstyle),Ecuador,VF
N# 4686,1,1985,1985,1 Sucre,Ecuador,VF
N# 1761,1,1988,1988,1 Sucre,Ecuador,XF
N# 5114,1,1991,1991,5 Sucres,Ecuador,F
N# 7703,1,1991,1991,10 Sucres,Ecuador,VG
N# 1769,1,1988,1988,50 Sucres,Ecuador,XF
N# 6528,1,1995,1995,100 Sucres (Bicentennial of Birth of Antonio José de Sucre),Ecuador,XF
N# 6528,1,1995,1995,100 Sucres (Bicentennial of Birth of Antonio José de Sucre),Ecuador,
N# 5014,1,1996,1996,1000 Sucres,Ecuador,XF
N# 2977,1,2000,2000,1 Centavo,Ecuador,VF
N# 3003,1,2003,2003,1 Centavo,Ecuador,XF
N# 2982,1,2000,2000,5 Centavos,Ecuador,XF
N# 2982,1,2003,2003,5 Centavos,Ecuador,XF
N# 3002,1,2000,2000,10 Centavos,Ecuador,AU
N# 3002,1,2000,2000,10 Centavos,Ecuador,XF
N# 3002,2,2000,2000,10 Centavos,Ecuador,XF
N# 3373,1,2000,2000,25 Centavos,Ecuador,XF
N# 7435,1,2000,2000,50 Centavos,Ecuador,XF
N# 21776,1,1293,1901,1 Qirsh - Abdul Hamid II,Egypt,XF
N# 9317,1,1357,1938,1 Millieme - Farouk,Egypt,VF
N# 1273,1,1335,1917,5 Milliemes - Hussein Kamel,Egypt,VG
N# 1824,1,1395,1975,5 Milliemes (IWY),Egypt,XF
N# 4825,1,1360,1941,10 Milliemes - Farouk,Egypt,XF
N# 1819,1,1393,1973,10 Milliemes,Egypt,XF
N# 13799,1,1429,2008,25 Qirsh / Piastres,Egypt,VF
N# 9329,1,1429,2008,50 Qirsh / Piastres (small type; magnetic),Egypt,VF
N# 26558,1,1429,2008,1 Pound (Magnetic),Egypt,XF
N# 75818,1,1436,2015,1 Pound (New Branch of Suez Canal),Egypt,XF
N# 10237,1,1993,1993,5 Centavos,El Salvador,AU
N# 10289,1,1975,1975,10 Centavos,El Salvador,VF
N# 2513,1,1998,1998,10 Centavos,El Salvador,XF
N# 5582,1,1975,1975,25 Centavos,El Salvador,VF
N# 2506,1,1994,1994,25 Centavos,El Salvador,XF
N# 10238,1,1991,1991,1 Colón,El Salvador,AU
N# 7635,1,1969,1969,1 Peseta Guineana,Equatorial Guinea,XF
N# 2406,1,1997,1997,5 Cents,Eritrea,AU
N# 2757,1,2001,2001,1 Kroon,Estonia,AU
N# 16589,1,2011,2011,10 Euro Cents (2nd map),Estonia,XF
N# 2269,1,1999,1999,5 Cents - Mswati III (2nd portrait),"Swaziland, Kingdom of",AU
N# 4885,1,1969,1977,10 Santeem (Non magnetic),Ethiopia,VF
N# 6268,1,1961,1961,6 Pence - Elizabeth II (1st portrait),Fiji,XF
N# 2609,1,2001,2001,1 Cent - Elizabeth II (3rd portrait),Fiji,XF
N# 949,1,1994,1994,5 Cents - Elizabeth II (3rd portrait),Fiji,AU
N# 12391,1,1917,1917,1 Penni (Civil War Coinage),Finland,VF
N# 7023,1,1929,1929,10 Pennia,Finland,XF
N# 8725,1,1921,1921,25 Pennia,Finland,XF
N# 7683,1,1931,1931,1 Markka,Finland,XF
N# 7685,1,1943,1943,1 Markka,Finland,VG
N# 7685,1,1945,1945,1 Markka,Finland,VF
N# 5057,1,1955,1955,5 Markkaa,Finland,AU
N# 1059,1,1963,1963,1 Penni,Finland,VF
N# 1059,1,1965,1965,1 Penni,Finland,XF
N# 1059,1,1967,1967,1 Penni,Finland,
N# 3280,1,1971,1971,1 Penni,Finland,XF
N# 3280,1,1974,1974,1 Penni,Finland,
N# 3280,1,1975,1975,1 Penni,Finland,
N# 1532,1,1968,1968,5 Pennia,Finland,
N# 1532,1,1970,1970,5 Pennia,Finland,
N# 1532,1,1972,1972,5 Pennia,Finland,
N# 1532,1,1973,1973,5 Pennia,Finland,XF
N# 2286,1,1979,1979,5 Pennia,Finland,XF
N# 2286,1,1984,1984,5 Pennia,Finland,F
N# 2286,1,1986,1986,5 Pennia,Finland,F
N# 1530,1,1963,1963,10 Pennia,Finland,VF
N# 1530,1,1964,1964,10 Pennia,Finland,
N# 1530,1,1971,1971,10 Pennia,Finland,XF
N# 1530,1,1981,1981,10 Pennia,Finland,AU
N# 1008,1,1991,1991,10 Pennia,Finland,AU
N# 1008,1,1996,1996,10 Pennia,Finland,VF
N# 1060,1,1973,1973,20 Pennia,Finland,AU
N# 1060,1,1977,1977,20 Pennia,Finland,
N# 1060,1,1978,1978,20 Pennia,Finland,
N# 1529,1,1982,1982,50 Pennia,Finland,AU
N# 4390,1,1990,1990,50 Pennia,Finland,AU
N# 4390,1,1991,1991,50 Pennia,Finland,
N# 3737,1,1977,1977,1 Markka,Finland,AU
N# 1527,1,1994,1994,1 Markka,Finland,AU
N# 1531,1,1991,1991,5 Markkaa,Finland,AU
N# 52295,1,1637,1637,Double Tournois - Louis XIII (Lyon; 11th type),France,G
N# 1135,1,1878,1878,2 Centimes,France,F
N# 485,1,1854,1854,5 Centimes - Napoleon III,France,VF
N# 700,1,1920,1920,5 Centimes,France,XF
N# 320,1,1853,1853,10 Centimes - Napoleon III,France,G
N# 320,1,1854,1854,10 Centimes - Napoleon III,France,G
N# 320,1,1854,1854,10 Centimes - Napoleon III,France,G
N# 704,1,1941,1941,10 Centimes (Vichy French State; large issue),France,VG
N# 889,1,1927,1927,50 Centimes (Chambers of Commerce),France,VF
N# 890,1,1931,1931,50 Centimes,France,XF
N# 705,1,1923,1923,1 Franc (Chambers of Commerce),France,VF
N# 708,1,1950,1950,"1 Franc (aluminium, light type)",France,VF
N# 18132,1,1942,1942,1 Franc (Vichy French State - heavy type),France,VF
N# 298,1,1942,1942,1 Franc (Vichy French State - light type),France,VF
N# 298,1,1944,1944,1 Franc (Vichy French State - light type),France,VG
N# 677,1,1947,1947,2 Francs,France,XF
N# 1190,1,1949,1949,5 Francs,France,XF
N# 894,1,1950,1950,10 Francs,France,VF
N# 894,1,1951,1951,10 Francs,France,
N# 894,1,1952,1952,10 Francs,France,XF
N# 894,1,1952,1952,10 Francs,France,
N# 7917,1,1950,1950,"20 Francs (signature ""GEORGES GUIRAUD"")",France,XF
N# 686,1,1951,1951,"20 Francs (signature ""G GUIRAUD"")",France,XF
N# 688,1,1955,1955,100 Francs,France,XF
N# 1,1,1962,1962,1 Centime (5th republic),France,AU
N# 689,1,1963,1963,5 Centimes (5th republic),France,AU
N# 2,1,1966,1966,5 Centimes,France,XF
N# 2,1,1974,1974,5 Centimes,France,
N# 2,1,1982,1982,5 Centimes,France,AU
N# 2,1,1984,1984,5 Centimes,France,XF
N# 2,1,1996,1996,5 Centimes,France,
N# 2,1,1997,1997,5 Centimes,France,
N# 3,1,1979,1979,10 Centimes,France,
N# 3,1,1997,1997,10 Centimes,France,AU
N# 4,1,1976,1976,20 Centimes,France,XF
N# 4,1,1992,1992,20 Centimes,France,XF
N# 4,1,1993,1993,20 Centimes,France,XF
N# 5,1,1965,1965,"½ Franc (signature ""O. Roty"")",France,XF
N# 5,1,1975,1975,"½ Franc (signature ""O. Roty"")",France,
N# 5,1,1978,1978,"½ Franc (signature ""O. Roty"")",France,
N# 6,1,1977,1977,"1 Franc (Signature ""O. Roty"")",France,XF
N# 6,1,1978,1978,"1 Franc (Signature ""O. Roty"")",France,VF
N# 7,1,1981,1981,2 Francs,France,XF
N# 8,1,1978,1978,"5 Francs (signature ""O. Roty"")",France,XF
N# 683,1,1977,1977,10 Francs,France,XF
N# 9,1,1989,1989,10 Francs (Génie de la Liberté),France,XF
N# 9,1,1992,1992,10 Francs (Génie de la Liberté),France,
N# 10,1,1993,1993,20 Francs,France,XF
N# 97,1,2001,2001,1 Euro Cent,France,
N# 97,1,2009,2009,1 Euro Cent,France,
N# 97,1,2013,2013,1 Euro Cent,France,
N# 97,2,2014,2014,1 Euro Cent,France,AU
N# 98,1,2006,2006,2 Euro Cents,France,XF
N# 99,1,2000,2000,5 Euro Cents,France,
N# 99,3,2003,2003,5 Euro Cents,France,XF
N# 99,2,2008,2008,5 Euro Cents,France,
N# 99,1,2009,2009,5 Euro Cents,France,
N# 99,1,2014,2014,5 Euro Cents,France,
N# 100,1,1999,1999,10 Euro Cents (1st map; coarse reeding),France,XF
N# 100,1,1999,1999,10 Euro Cents (1st map; coarse reeding),France,
N# 3510,1,2008,2008,10 Euro Cents (2nd map),France,
N# 3510,1,2013,2013,10 Euro Cents (2nd map),France,AU
N# 101,1,1999,1999,20 Euro Cents (1st map),France,
N# 101,1,2001,2001,20 Euro Cents (1st map),France,AU
N# 6373,1,2013,2013,20 Euro Cents (2nd map),France,AU
N# 102,1,1999,1999,50 Euro Cents (1st map),France,
N# 102,1,2002,2002,50 Euro Cents (1st map),France,AU
N# 103,1,1999,1999,1 Euro (1st map),France,XF
N# 1352,1,1977,1977,1 Franc (with IEOM),French Polynesia,F
N# 3745,1,1965,1965,5 Francs (without IEOM),French Polynesia,VF
N# 930,1,1982,1982,10 Francs (with IEOM),French Polynesia,XF
N# 30253,1,2006,2006,20 Francs (with IEOM; non-magnetic),French Polynesia,XF
N# 1356,1,1992,1992,100 Francs,French Polynesia,XF
N# 1386,1,2002,2002,1 Franc (with IEOM),New Caledonia,AU
N# 314897,1,2021,2021,4 Annas (French India),French India,AU
N# 10058,1,1957,1957,25 Francs Togo,French West Africa,VF
N# 8522,1,1985,1985,100 Francs,Gabon,AU
N# 5016,1,1998,1998,5 Bututs,"Gambia, The",AU
N# 3791,1,2006,2006,50 Tetri,Georgia,VF
N# 1926,1,1972,1972,5 Pfennigs,German Democratic Republic,XF
N# 3421,1,1952,1952,10 Pfennigs,German Democratic Republic,XF
N# 3421,1,1952,1952,10 Pfennigs,German Democratic Republic,F
N# 1925,1,1967,1967,10 Pfennigs,German Democratic Republic,VF
N# 1925,1,1968,1968,10 Pfennigs,German Democratic Republic,VF
N# 1925,1,1983,1983,10 Pfennigs,German Democratic Republic,AU
N# 1924,1,1969,1969,20 Pfennigs,German Democratic Republic,XF
N# 2032,1,1971,1971,50 Pfennigs,German Democratic Republic,AU
N# 6076,1,1956,1956,1 Deutsche Mark,German Democratic Republic,XF
N# 2031,1,1975,1975,1 Mark,German Democratic Republic,XF
N# 3110,1,1969,1969,5 Mark - 20 Years of GDR (Nickel Bronze),German Democratic Republic,F
N# 29789,1,1856,1856,1 Kreuzer,"Frankfurt, Free imperial city of",G
N# 2557,1,1907,1907,2 Pfennigs (type 2 - small shield),Germany (1871-1948),VF
N# 1916,1,1900,1900,5 Pfennigs (type 2 - small shield),Germany (1871-1948),F
N# 1916,1,1900,1900,5 Pfennigs (type 2 - small shield),Germany (1871-1948),F
N# 1916,1,1908,1908,5 Pfennigs (type 2 - small shield),Germany (1871-1948),F
N# 6078,1,1875,1875,10 Pfennigs (type 1 - large shield),Germany (1871-1948),VG
N# 6078,1,1876,1876,10 Pfennigs (type 1 - large shield),Germany (1871-1948),F
N# 1915,1,1901,1901,10 Pfennigs (type 2 - small shield),Germany (1871-1948),VF
N# 1915,1,1914,1914,10 Pfennigs (type 2 - small shield),Germany (1871-1948),F
N# 1953,1,1917,1917,10 Pfennigs (type 2 - small shield; beaded border),Germany (1871-1948),VF
N# 1954,1,1919,1919,10 Pfennigs (type 2 - small shield; without mintmarks),Germany (1871-1948),F
N# 1954,1,1921,1921,10 Pfennigs (type 2 - small shield; without mintmarks),Germany (1871-1948),
N# 2729,1,1921,1921,50 Pfennigs,Germany (1871-1948),F
N# 2729,1,1921,1921,50 Pfennigs,Germany (1871-1948),XF
N# 7978,1,1923,1923,500 Mark,Germany (1871-1948),XF
N# 1914,1,1927,1927,1 Reichspfennig,Germany (1871-1948),VF
N# 2586,1,1945,1945,1 Reichspfennig,Germany (1871-1948),VF
N# 851,1,1925,1925,5 Reichspfennig,Germany (1871-1948),VF
N# 1911,1,1938,1938,5 Reichspfennig,Germany (1871-1948),XF
N# 1917,1,1941,1941,5 Reichspfennig,Germany (1871-1948),F
N# 1917,1,1941,1941,5 Reichspfennig,Germany (1871-1948),F
N# 1917,1,1941,1941,5 Reichspfennig,Germany (1871-1948),VF
N# 1929,1,1940,1940,10 Reichspfennig,Germany (1871-1948),F
N# 3416,1,1938,1938,2 Reichsmark (Paul von Hindenburg),Germany (1871-1948),AU
N# 3423,1,1949,1949,1 Pfennig (Bank of German States),"Germany, Federal Republic of",XF
N# 854,1,1967,1967,1 Pfennig,"Germany, Federal Republic of",
N# 854,1,1974,1974,1 Pfennig,"Germany, Federal Republic of",XF
N# 852,1,1959,1959,2 Pfennigs (non-magnetic),"Germany, Federal Republic of",XF
N# 852,1,1963,1963,2 Pfennigs (non-magnetic),"Germany, Federal Republic of",VF
N# 1937,1,1974,1974,2 Pfennigs (magnetic),"Germany, Federal Republic of",AU
N# 3424,1,1949,1949,5 Pfennigs (Bank of German States),"Germany, Federal Republic of",XF
N# 658,1,1966,1966,5 Pfennigs,"Germany, Federal Republic of",AU
N# 3425,1,1949,1949,10 Pfennigs (Bank of German States),"Germany, Federal Republic of",XF
N# 850,1,1950,1950,10 Pfennig,"Germany, Federal Republic of",
N# 850,1,1969,1969,10 Pfennig,"Germany, Federal Republic of",XF
N# 850,1,1984,1984,10 Pfennig,"Germany, Federal Republic of",XF
N# 1955,1,1949,1949,50 Pfennigs (Bank of German States),"Germany, Federal Republic of",VF
N# 847,1,1950,1950,50 Pfennigs,"Germany, Federal Republic of",
N# 847,1,1969,1969,50 Pfennigs,"Germany, Federal Republic of",XF
N# 847,1,1978,1978,50 Pfennigs,"Germany, Federal Republic of",XF
N# 846,1,1977,1977,1 Deutsche Mark,"Germany, Federal Republic of",AU
N# 1934,1,1990,1990,2 Deutsche Mark (Kurt Schumacher),"Germany, Federal Republic of",AU
N# 1933,1,1958,1958,5 Deutsche Mark,"Germany, Federal Republic of",AU
N# 105,1,2002,2002,1 Euro Cent,"Germany, Federal Republic of",XF
N# 106,1,2016,2016,2 Euro Cents,"Germany, Federal Republic of",AU
N# 107,1,2002,2002,5 Euro Cents,"Germany, Federal Republic of",XF
N# 107,1,2012,2012,5 Euro Cents,"Germany, Federal Republic of",
N# 108,1,2002,2002,10 Euro Cents (1st map),"Germany, Federal Republic of",
N# 108,1,2002,2002,10 Euro Cents (1st map),"Germany, Federal Republic of",AU
N# 108,2,2002,2002,10 Euro Cents (1st map),"Germany, Federal Republic of",
N# 108,1,2003,2003,10 Euro Cents (1st map),"Germany, Federal Republic of",
N# 109,1,2002,2002,20 Euro Cents (1st map),"Germany, Federal Republic of",XF
N# 110,1,2002,2002,50 Euro Cents (1st map),"Germany, Federal Republic of",XF
N# 111,1,2002,2002,1 Euro (1st map),"Germany, Federal Republic of",XF
N# 2309,1,1991,1991,100 Cedis,Ghana,XF
N# 6992,1,2012,2012,5 Pesewas,Ghana,AU
N# 6994,1,2007,2007,10 Pesewas,Ghana,VF
N# 6994,1,2016,2016,10 Pesewas,Ghana,AU
N# 6995,1,2016,2016,20 Pesewas,Ghana,AU
N# 6996,1,2007,2007,50 Pesewas,Ghana,VF
N# 6996,1,2020,2020,50 Pesewas,Ghana,AU
N# 1990,1,1869,1869,5 Lepta - George I (1st portrait),Greece,VG
N# 528,1,1954,1954,10 Lepta,Greece,VF
N# 532,1,1954,1954,20 Lepta,Greece,VF
N# 533,1,1973,1973,20 Lepta (Regime of the Colonels),Greece,VF
N# 2366,1,1954,1954,50 Lepta - Paul I,Greece,XF
N# 1889,1,1954,1954,1 Drachma - Paul I,Greece,F
N# 1889,1,1959,1959,1 Drachma - Paul I,Greece,F
N# 540,1,1967,1967,1 Drachma - Constantine II,Greece,VF
N# 540,1,1970,1970,1 Drachma - Constantine II,Greece,XF
N# 543,1,1978,1978,1 Drachma,Greece,XF
N# 544,1,1988,1988,1 Drachma,Greece,VF
N# 546,1,1971,1971,2 Drachmai - Constantine II (Regime of the Colonels),Greece,XF
N# 546,1,1971,1971,2 Drachmai - Constantine II (Regime of the Colonels),Greece,
N# 548,1,1978,1978,2 Drachmai (old lettering),Greece,VF
N# 552,1,1971,1971,5 Drachmai - Constantine II (Regime of the Colonels),Greece,XF
N# 554,1,1976,1976,5 Drachmai (old lettering),Greece,XF
N# 555,1,1982,1982,5 Drachmes (new lettering),Greece,XF
N# 555,1,1984,1984,5 Drachmes (new lettering),Greece,
N# 560,1,1998,1998,10 Drachmes (new lettering),Greece,AU
N# 563,1,1976,1976,20 Drachmai (old lettering),Greece,AU
N# 579,1,1990,1990,20 Drachmes,Greece,XF
N# 567,1,1992,1992,50 Drachmes,Greece,
N# 567,1,2000,2000,50 Drachmes,Greece,AU
N# 568,1,1992,1992,100 Drachmes,Greece,AU
N# 116,1,2002,2002,10 Euro Cents (1st map),Greece,XF
N# 118,1,2002,2002,50 Euro Cents (1st map),Greece,XF
N# 2438,1,1994,1994,1 Centavo,Guatemala,AU
N# 7200,1,1975,1975,5 Centavos,Guatemala,XF
N# 2259,1,2000,2000,10 Centavos (Non-magnetic),Guatemala,XF
N# 42670,1,2016,2016,10 Centavos (Magnetic),Guatemala,AU
N# 2437,1,1994,1994,25 Centavos,Guatemala,XF
N# 84104,1,2016,2016,25 Centavos (Magnetic),Guatemala,AU
N# 2436,1,2001,2001,50 Centavos (Non-magnetic),Guatemala,VF
N# 2315,1,2001,2001,1 Quetzal (Non-magnetic),Guatemala,AU
N# 4763,1,1974,1974,1 Cent,Guyana,XF
N# 1280,1,1978,1978,5 Cents,Guyana,XF
N# 2566,1,1967,1967,25 Cents,Guyana,VF
N# 6473,1,2002,2002,1 Dollar,Guyana,XF
N# 6473,1,2015,2015,1 Dollar,Guyana,VF
N# 3473,1,2008,2008,5 Dollars,Guyana,XF
N# 3473,1,2015,2015,5 Dollars,Guyana,
N# 3473,1,2018,2018,5 Dollars,Guyana,XF
N# 7708,1,2013,2013,10 Dollars,Guyana,AU
N# 1520,1,1995,1995,5 Centimes,Haiti,AU
N# 1520,1,1997,1997,5 Centimes,Haiti,AU
N# 1522,1,1975,1975,10 Centimes (FAO),Haiti,XF
N# 1523,1,1986,1986,20 Centimes,Haiti,AU
N# 1524,1,1986,1986,50 Centimes,Haiti,XF
N# 7503,1,2018,2018,1 Gourde,Haiti,VF
N# 5766,1,2018,2018,5 Gourdes,Haiti,XF
N# 2961,1,1954,1954,1 Centavo (Light Type),Honduras,AU
N# 3532,1,1956,1956,2 Centavos,Honduras,AU
N# 3187,1,1975,1975,5 Centavos,Honduras,XF
N# 8490,1,2007,2007,5 Centavos (Non-magnetic),Honduras,XF
N# 8491,1,2005,2005,10 Centavos (Non-Magnetic),Honduras,AU
N# 42555,1,2010,2010,10 Centavos (Magnetic),Honduras,AU
N# 7029,1,1995,1995,20 Centavos,Honduras,
N# 7029,1,2007,2007,20 Centavos,Honduras,
N# 7029,1,2016,2016,20 Centavos,Honduras,AU
N# 3190,1,1996,1996,50 Centavos (Magnetic),Honduras,
N# 3190,1,2014,2014,50 Centavos (Magnetic),Honduras,AU
N# 6472,1,1926,1926,2 Fillér,Hungary,XF
N# 2745,1,1970,1970,5 Fillér,Hungary,XF
N# 1075,1,1984,1984,10 Fillér,Hungary,XF
N# 7215,1,1946,1946,20 Fillér,Hungary,VF
N# 2368,1,1968,1968,20 Fillér,Hungary,F
N# 2368,1,1980,1980,20 Fillér,Hungary,XF
N# 6324,1,1990,1990,20 Fillér,Hungary,AU
N# 2547,1,1948,1948,50 Fillér,Hungary,F
N# 1892,1,1979,1979,50 Fillér,Hungary,VF
N# 2590,1,1991,1991,50 Fillér,Hungary,AU
N# 1124,1,1967,1967,1 Forint,Hungary,F
N# 1124,1,1968,1968,1 Forint,Hungary,
N# 1124,1,1989,1989,1 Forint,Hungary,XF
N# 1124,1,1989,1989,1 Forint,Hungary,F
N# 1999,1,2001,2001,1 Forint,Hungary,AU
N# 6940,1,1962,1962,2 Forint,Hungary,XF
N# 1893,1,1972,1972,2 Forint,Hungary,XF
N# 812,1,1993,1993,2 Forint,Hungary,
N# 812,1,1998,1998,2 Forint,Hungary,AU
N# 812,1,2004,2004,2 Forint,Hungary,
N# 4056,1,1984,1984,5 Forint (Lajos Kossuth; small issue),Hungary,AU
N# 4056,1,1989,1989,5 Forint (Lajos Kossuth; small issue),Hungary,AU
N# 1998,1,1994,1994,5 Forint,Hungary,AU
N# 1998,1,2010,2010,5 Forint,Hungary,XF
N# 811,1,1985,1985,10 Forint,Hungary,XF
N# 810,1,1995,1995,10 Forint,Hungary,XF
N# 1995,1,1984,1984,20 Forint,Hungary,AU
N# 809,1,1996,1996,20 Forint,Hungary,XF
N# 808,1,1995,1995,50 Forint,Hungary,XF
N# 807,1,1996,1996,100 Forint,Hungary,XF
N# 1536,1,1953,1953,10 Aurar,Iceland,XF
N# 1544,1,1962,1962,25 Aurar,Iceland,XF
N# 1535,1,1966,1966,1 Króna,Iceland,XF
N# 1302,1,1977,1977,1 Króna “Flotkróna”,Iceland,AU
N# 2804,1,1977,1977,5 Krónur,Iceland,AU
N# 1534,1,1971,1971,10 Krónur,Iceland,AU
N# 1546,1,1981,1981,5 Aurar,Iceland,XF
N# 5039,1,1981,1981,10 Aurar,Iceland,XF
N# 5040,1,1981,1981,50 Aurar,Iceland,XF
N# 3392,1,1981,1981,1 Króna (Non-magnetic),Iceland,AU
N# 1549,1,1991,1991,1 Króna (Magnetic),Iceland,AU
N# 6882,1,1981,1981,5 Krónur (Non-magnetic),Iceland,AU
N# 7912,1,1996,1996,10 Krónur (Magnetic),Iceland,AU
N# 1550,1,1987,1987,50 Krónur,Iceland,XF
N# 1547,1,1995,1995,100 Krónur,Iceland,AU
N# 7802,1,1963,1963,1 Naya Paisa,India,VF
N# 1847,1,1970,1970,3 Paise,India,F
N# 18660,1,1984,1984,5 Paise (without Devanagari legend),India,AU
N# 1651,1,1972,1972,10 Paise,India,AU
N# 1630,1,1983,1983,10 Paise,India,XF
N# 1635,1,1986,1986,20 Paise,India,VF
N# 1633,1,1974,1974,25 Paise,India,AU
N# 15940,1,1982,1982,50 Paise (National Integration),India,AU
N# 24941,1,2013,2013,1 Rupee,India,VF
N# 5474,1,1992,1992,2 Rupees (National Integration; hendecagonal type),India,XF
N# 5478,1,2006,2006,2 Rupees (Unity in Diversity),India,VF
N# 5312,1,2010,2010,2 Rupees,India,XF
N# 24942,1,2017,2017,2 Rupees,India,XF
N# 311195,1,2023,2023,2 Rupees (75th Year of Independence),India,AU
N# 24943,1,2012,2012,5 Rupees,India,VF
N# 10784,1,1945,1945,"1 Anna - George VI (2nd portrait, small crown, low relief)",India - British,XF
N# 11765,1,1961,1961,10 Centavos,"India, Portuguese",XF
N# 4525,1,1995,1995,25 Rupiah,Indonesia,AU
N# 3870,1,1973,1973,100 Rupiah,Indonesia,VF
N# 3294,1,1978,1978,100 Rupiah (Forestry for prosperity),Indonesia,XF
N# 3084,1,1995,1995,100 Rupiah,Indonesia,AU
N# 1678,1,1999,1999,100 Rupiah,Indonesia,XF
N# 1677,1,2003,2003,200 Rupiah,Indonesia,XF
N# 1676,1,2003,2003,500 Rupiah,Indonesia,AU
N# 102250,1,2016,2016,500 Rupiah (T. B. Simatupang),Indonesia,AU
N# 16213,1,2010,2010,1000 Rupiah,Indonesia,AU
N# 3763,1,1353,1974,5 Rials - Mohammad Rezā Pahlavī,Iran,AU
N# 3300,1,1392,1972,50 Fils,Iraq,XF
N# 8347,1,1805,1805,½ Penny - George III,Ireland,VG
N# 4321,1,1928,1928,1 Pingin,Ireland,VF
N# 1406,1,1942,1942,1 Pingin,Ireland,XF
N# 10968,1,1966,1966,1 Scilling,Ireland,VF
N# 1002,1,1971,1971,1 Penny (non-magnetic),Ireland,XF
N# 952,1,1971,1971,2 Pence (non-magnetic),Ireland,F
N# 952,1,1975,1975,2 Pence (non-magnetic),Ireland,XF
N# 952,1,1979,1979,2 Pence (non-magnetic),Ireland,VF
N# 948,1,1974,1974,5 Pence (large type),Ireland,XF
N# 1404,1,1992,1992,5 Pence (small type),Ireland,XF
N# 1457,1,1994,1994,10 Pence (small type),Ireland,XF
N# 1403,1,1998,1998,20 Pence,Ireland,AU
N# 123,1,2007,2007,5 Euro Cents,Ireland,AU
N# 125,1,2002,2002,20 Euro Cents (1st map),Ireland,XF
N# 126,1,2002,2002,50 Euro Cents (1st map),Ireland,XF
N# 308869,1,,,Esso Token - 1990 Ireland World Cup Collection (Niall Quinn),Ireland,
N# 5483,1,1927,1927,1 Mil,British Palestine,VF
N# 977,1,5738,1978,1 Agora,Israel,XF
N# 1719,1,5727,1967,5 Agorot,Israel,XF
N# 1724,1,5737,1977,5 Agorot,Israel,XF
N# 1724,1,5738,1978,5 Agorot,Israel,AU
N# 1231,1,5737,1977,10 Agorot,Israel,AU
N# 1718,1,5737,1977,10 Agorot,Israel,XF
N# 2052,1,5738,1978,25 Agorot,Israel,VF
N# 10523,1,5736,1976,25 Agorot (Year set issue; With Star of David),Israel,AU
N# 13490,1,5723,1963,1 Lira,Israel,XF
N# 1726,1,5733,1973,1 Lira,Israel,AU
N# 1725,1,5741,1981,1 Sheqel,Israel,VF
N# 1715,1,5746,1986,10 Agorot,Israel,
N# 1715,1,5755,1995,10 Agorot,Israel,XF
N# 1720,1,5774,2014,½ New Sheqel,Israel,AU
N# 7078,1,5760,2000,1 New Sheqel (with circle below emblem),Israel,AU
N# 7078,1,5763,2003,1 New Sheqel (with circle below emblem),Israel,XF
N# 5579,1,5768,2008,2 New Sheqalim,Israel,AU
N# 3327,1,5750,1990,5 New Sheqalim,Israel,XF
N# 3327,1,5758,1998,5 New Sheqalim,Israel,VF
N# 2720,1,5771,2011,10 New Sheqalim,Israel,XF
N# 4250,1,1867,1867,2 Centesimi - Victor Emmanuel II,Italy,XF
N# 1277,1,1924,1924,5 Centesimi - Victor Emmanuel III,Italy,XF
N# 11202,1,1940,1940,20 Centesimi - Victor Emmanuel III (non-magnetic; reeded edge),Italy,XF
N# 940,1,1950,1950,5 Lire,Italy,F
N# 730,1,1954,1954,5 Lire,Italy,
N# 730,1,1968,1968,5 Lire,Italy,VF
N# 730,1,1997,1997,5 Lire,Italy,AU
N# 728,1,1951,1951,10 Lire,Italy,
N# 728,1,1954,1954,10 Lire,Italy,F
N# 728,1,1955,1955,10 Lire,Italy,
N# 728,1,1998,1998,10 Lire,Italy,AU
N# 1113,1,1974,1974,20 Lire,Italy,AU
N# 1113,1,1993,1993,20 Lire,Italy,
N# 724,1,1973,1973,50 Lire (large type),Italy,XF
N# 724,1,1978,1978,50 Lire (large type),Italy,AU
N# 724,1,1979,1979,50 Lire (large type),Italy,XF
N# 725,1,1993,1993,50 Lire (small type),Italy,AU
N# 725,1,1995,1995,50 Lire (small type),Italy,AU
N# 304,1,1956,1956,100 Lire (large type),Italy,
N# 304,1,1979,1979,100 Lire (large type),Italy,
N# 304,1,1989,1989,100 Lire (large type),Italy,AU
N# 723,1,1979,1979,100 Lire (FAO),Italy,AU
N# 2551,1,1992,1992,100 Lire (small type),Italy,AU
N# 722,2,1994,1994,100 Lire,Italy,XF
N# 303,1,1987,1987,200 Lire,Italy,XF
N# 718,1,1980,1980,200 Lire (FAO),Italy,VF
N# 1027,1,1989,1989,200 Lire (Taranto Naval Arsenal),Italy,AU
N# 720,1,1993,1993,200 Lire (Military Aviation),Italy,XF
N# 719,1,1994,1994,200 Lire (Arm of Carabinieri),Italy,XF
N# 721,1,1996,1996,"200 Lire (Academy of ""Guardia di Finanza"")",Italy,AU
N# 302,1,1991,1991,500 Lire,Italy,XF
N# 716,1,1993,1993,500 Lire (Bank of Italy Centennial),Italy,XF
N# 10791,1,1997,1997,1000 Lire (European Union; Old West Germany Map),Italy,AU
N# 129,1,2002,2002,1 Euro Cent,Italy,
N# 129,1,2016,2016,1 Euro Cent,Italy,XF
N# 131,1,2002,2002,5 Euro Cents,Italy,XF
N# 131,1,2005,2005,5 Euro Cents,Italy,
N# 131,1,2016,2016,5 Euro Cents,Italy,
N# 6380,1,2010,2010,10 Euro Cents (2nd map),Italy,
N# 6380,1,2011,2011,10 Euro Cents (2nd map),Italy,AU
N# 133,2,2002,2002,20 Euro Cents (1st map),Italy,AU
N# 6381,1,2020,2020,20 Euro Cents (2nd map),Italy,AU
N# 6381,1,2024,2024,20 Euro Cents (2nd map),Italy,AU
N# 134,1,2002,2002,50 Euro Cents (1st map),Italy,AU
N# 162733,1,,,1 Euro - Dexter Laundry,Italy,XF
N# 5787,1,1969,1969,1 Cent,Jamaica,VF
N# 3529,1,1995,1995,10 Cents (Small),Jamaica,XF
N# 5653,1,1992,1992,1 Dollar (Non-magnetic),Jamaica,AU
N# 1078,1,1995,1995,1 Dollar (Heptagonal),Jamaica,AU
N# 3531,1,1994,1994,5 Dollars,Jamaica,AU
N# 14370,1,2017,2017,10 Dollars (Round),Jamaica,AU
N# 2441,1,2001,2001,20 Dollars (Non-magnetic),Jamaica,XF
N# 5670,1,10,1877,1 Sen - Meiji,Japan,XF
N# 4964,1,16,1941,1 Sen - Shōwa (Heavy type),Japan,VF
N# 4964,1,17,1942,1 Sen - Shōwa (Heavy type),Japan,G
N# 5438,1,16,1941,10 Sen - Shōwa,Japan,XF
N# 5437,1,25,1950,1 Yen - Shōwa,Japan,XF
N# 1590,1,42,1967,1 Yen - Shōwa,Japan,
N# 1590,1,51,1976,1 Yen - Shōwa,Japan,VF
N# 1590,1,56,1981,1 Yen - Shōwa,Japan,
N# 983,1,5,1993,1 Yen - Heisei,Japan,XF
N# 929,1,51,1976,5 Yen - Shōwa (Gothic style),Japan,AU
N# 929,1,53,1978,5 Yen - Shōwa (Gothic style),Japan,
N# 922,1,52,1977,10 Yen - Shōwa (Smooth edge),Japan,
N# 922,1,53,1978,10 Yen - Shōwa (Smooth edge),Japan,XF
N# 3047,1,14,2002,10 Yen - Heisei,Japan,
N# 3047,1,29,2017,10 Yen - Heisei,Japan,AU
N# 2120,1,1,1989,50 Yen - Heisei,Japan,AU
N# 2120,1,16,2004,50 Yen - Heisei,Japan,XF
N# 6026,1,47,1972,100 Yen - Shōwa (Olympics),Japan,AU
N# 2121,1,8,1996,100 Yen - Heisei,Japan,
N# 2121,1,25,2013,100 Yen - Heisei,Japan,AU
N# 168766,1,2002,2002,Token - Naruto (Uzumaki Naruto),Japan,XF
N# 1734,1,1416,1996,10 Qirsh / Piastres - Hussein,Jordan,AU
N# 1538,1,1993,1993,5 Tyin,Kazakhstan,AU
N# 6209,1,2000,2000,20 Tenge (non-magnetic),Kazakhstan,XF
N# 6209,1,2011,2011,20 Tenge (non-magnetic),Kazakhstan,XF
N# 2635,1,1971,1971,10 Cents (With legend),Kenya,XF
N# 2640,1,1966,1966,50 Cents (Without legend),Kenya,VF
N# 2641,1,1980,1980,50 Cents (Copper-nickel),Kenya,XF
N# 2634,1,1980,1980,1 Shilling (Copper-nickel),Kenya,VF
N# 35834,1,1979,1979,5 Cents (Magnetic),Kiribati,AU
N# 3038,1,1386,1967,20 Fils (non-magnetic),Kuwait,XF
N# 3039,1,1393,1973,50 Fils (non-magnetic),Kuwait,XF
N# 74502,1,1434,2012,100 Fils (Magnetic),Kuwait,XF
N# 5006,1,2008,2008,1 Tyiyn,Kyrgyzstan,AU
N# 5007,1,2008,2008,10 Tyiyn,Kyrgyzstan,AU
N# 4933,1,2008,2008,50 Tyiyn,Kyrgyzstan,AU
N# 4750,1,2008,2008,1 Som,Kyrgyzstan,AU
N# 5008,1,2008,2008,3 Som,Kyrgyzstan,AU
N# 5009,1,2008,2008,5 Som,Kyrgyzstan,AU
N# 5531,1,1980,1980,10 Att,Laos,AU
N# 4319,1,1980,1980,20 Att,Laos,AU
N# 5532,1,1980,1980,50 Att,Laos,AU
N# 1971,1,2006,2006,2 Santimi,Latvia,XF
N# 1971,1,2009,2009,2 Santimi,Latvia,XF
N# 3739,1,2007,2007,5 Santimi,Latvia,AU
N# 3199,1,2003,2003,500 Līrah / Livres (without latent image),Lebanon,XF
N# 31016,1,1992,1992,1 Sente (Magnetic),Lesotho,AU
N# 4769,1,1961,1961,1 Cent,Liberia,XF
N# 4819,1,1385,1965,1 Millieme,Libya,VF
N# 9661,1,1385,1965,50 Milliemes,Libya,XF
N# 3112,1,1991,1991,1 Centas,Lithuania,XF
N# 3983,1,1991,1991,5 Centai,Lithuania,AU
N# 3984,1,1997,1997,10 Centų,Lithuania,AU
N# 3276,1,1930,1930,5 Centimes - Charlotte,Luxembourg,XF
N# 254,1,1963,1963,25 Centimes (Aluminium),Luxembourg,XF
N# 1907,1,1946,1946,1 Franc - Charlotte (large Type),Luxembourg,VF
N# 251,1,1960,1960,1 Franc - Charlotte (small Type),Luxembourg,XF
N# 2749,1,1965,1965,1 Franc - Jean,Luxembourg,XF
N# 139,1,2013,2013,5 Euro Cents - Henri I,Luxembourg,AU
N# 6417,1,2008,2008,10 Euro Cents - Henri I (2nd map),Luxembourg,
N# 6417,1,2010,2010,10 Euro Cents - Henri I (2nd map),Luxembourg,AU
N# 1862,1,1996,1996,5 Ariary (motto B),Madagascar,AU
N# 4777,1,1995,1995,1 Tambala (Coat of arms),Malawi,AU
N# 931,1,2002,2002,1 Sen,Malaysia,
N# 931,1,2007,2007,1 Sen,Malaysia,XF
N# 23730,1,2015,2015,5 Sen,Malaysia,AU
N# 1656,1,1993,1993,10 Sen,Malaysia,XF
N# 23731,1,2013,2013,10 Sen,Malaysia,AU
N# 23734,1,2012,2012,20 Sen,Malaysia,AU
N# 3684,1,1991,1991,1 Ringgit - Agong IX (Type 1 denomination),Malaysia,AU
N# 4751,1,1433,2012,1 Laari (FAO),Maldives,AU
N# 4299,1,1972,1972,1 Cent,Malta,XF
N# 1780,1,1995,1995,5 Cents,Malta,F
N# 1784,1,1986,1986,1 Lira,Malta,XF
N# 25611,1,1434,2012,10 Ouguiya,Mauritania,AU
N# 1835,1,2002,2002,1 Rupee,Mauritius,XF
N# 996,1,1959,1959,1 Centavo,Mexico,VF
N# 7721,1,1936,1936,5 Centavos,Mexico,VF
N# 953,1,1956,1956,5 Centavos (large type),Mexico,XF
N# 953,1,1957,1957,5 Centavos (large type),Mexico,VF
N# 953,1,1968,1968,5 Centavos (large type),Mexico,VF
N# 6694,1,1946,1946,10 Centavos,Mexico,VF
N# 3157,1,1977,1977,"10 Centavos ""Maicito""",Mexico,XF
N# 3933,1,1944,1944,20 Centavos (Type 1 National Emblem),Mexico,VF
N# 959,1,1960,1960,20 Centavos (Type 2 National Emblem),Mexico,XF
N# 959,1,1964,1964,20 Centavos (Type 2 National Emblem),Mexico,XF
N# 1012,1,1976,1976,20 Centavos,Mexico,F
N# 1012,1,1978,1978,20 Centavos,Mexico,AU
N# 3951,1,1978,1978,50 Centavos,Mexico,AU
N# 1105,1,1971,1971,1 Peso,Mexico,XF
N# 936,1,1985,1985,1 Peso,Mexico,AU
N# 1080,1,1976,1976,5 Pesos,Mexico,XF
N# 818,1,1980,1980,5 Pesos,Mexico,AU
N# 3445,1,1985,1985,5 Pesos,Mexico,VF
N# 1072,1,1979,1979,10 Pesos,Mexico,AU
N# 927,1,1988,1988,10 Pesos,Mexico,AU
N# 1081,1,1988,1988,20 Pesos,Mexico,XF
N# 7360,1,1992,1992,50 Pesos,Mexico,AU
N# 961,1,1988,1988,100 Pesos,Mexico,VF
N# 819,1,1987,1987,500 Pesos,Mexico,VF
N# 581,1,2000,2000,10 Centavos (large type),Mexico,AU
N# 18094,1,2013,2013,10 Centavos (small type),Mexico,AU
N# 582,1,1992,1992,20 Centavos (large type),Mexico,AU
N# 583,1,2008,2008,50 Centavos (large type),Mexico,
N# 583,1,2009,2009,50 Centavos (large type),Mexico,AU
N# 18097,1,2011,2011,50 Centavos (small type),Mexico,
N# 18097,1,2012,2012,50 Centavos (small type),Mexico,AU
N# 584,1,1992,1992,1 Nuevo Peso,Mexico,VF
N# 585,1,1999,1999,1 Peso (non magnetic core),Mexico,
N# 585,2,2012,2012,1 Peso (non magnetic core),Mexico,
N# 585,1,2014,2014,1 Peso (non magnetic core),Mexico,
N# 585,1,2015,2015,1 Peso (non magnetic core),Mexico,
N# 585,1,2017,2017,1 Peso (non magnetic core),Mexico,
N# 585,3,2018,2018,1 Peso (non magnetic core),Mexico,AU
N# 586,1,1994,1994,2 Nuevos Pesos,Mexico,XF
N# 587,1,2000,2000,2 Pesos (non magnetic core),Mexico,
N# 587,1,2005,2005,2 Pesos (non magnetic core),Mexico,
N# 587,1,2012,2012,2 Pesos (non magnetic core),Mexico,
N# 587,1,2018,2018,2 Pesos (non magnetic core),Mexico,
N# 587,1,2022,2022,2 Pesos (non magnetic core),Mexico,XF
N# 588,1,1992,1992,5 Nuevos Pesos,Mexico,XF
N# 588,1,1992,1992,5 Nuevos Pesos,Mexico,
N# 589,1,2011,2011,5 Pesos (non magnetic core),Mexico,
N# 589,1,2018,2018,5 Pesos (non magnetic core),Mexico,
N# 589,1,2023,2023,5 Pesos (non magnetic core),Mexico,XF
N# 591,1,1999,1999,10 Pesos,Mexico,
N# 591,1,2016,2016,10 Pesos,Mexico,
N# 591,1,2018,2018,10 Pesos,Mexico,AU
N# 3095,1,2017,2017,5 Bani,Moldova,AU
N# 805,1,,1943,1 Franc - Louis II,Monaco,VF
N# 8261,1,1959,1959,10 Möngö,Mongolia,XF
N# 2321,1,1407,1987,10 Santimat / Centimes (FAO),Morocco,XF
N# 997,1,1394,1974,50 Santimat / Centimes - Hassan II (2nd portrait),Morocco,XF
N# 997,1,1394,1974,50 Santimat / Centimes - Hassan II (2nd portrait),Morocco,VF
N# 24328,1,1433,2012,½ Dirham - Mohammed VI,Morocco,VF
N# 661,1,1389,1969,1 Dirham - Hassan II (1st portrait),Morocco,VF
N# 1714,1,1407,1987,1 Dirham - Hassan II (3rd portrait),Morocco,VF
N# 2319,1,1423,2002,1 Dirham - Mohammed VI,Morocco,VF
N# 2319,1,1423,2002,1 Dirham - Mohammed VI,Morocco,
N# 660,1,1407,1987,5 Dirhams - Hassan II,Morocco,VF
N# 203332,1,1967,1967,500 Escudos (Banco de Moçambique overprint),Mozambique,
N# 10324,1,1980,1980,20 Meticais,Mozambique,XF
N# 6967,1,2006,2006,20 Centavos,Mozambique,AU
N# 6968,1,2012,2012,50 Centavos,Mozambique,AU
N# 6109,1,1966,1966,5 Pyas,Myanmar,XF
N# 6050,1,1998,1998,1 Dollar,Namibia,XF
N# 1571,1,2038,1981,5 Paisa - Birendra Bir Bikram,Nepal,XF
N# 6276,1,2047,1990,5 Paisa - Birendra Bir Bikram,Nepal,XF
N# 6277,1,2043,1986,10 Paisa - Birendra Bir Bikram (large type),Nepal,XF
N# 8863,1,2054,1997,10 Paisa - Birendra Bir Bikram (small type),Nepal,XF
N# 9680,1,2014,1957,25 Paisa - Tribhuvana Bir Bikram,Nepal,XF
N# 7872,1,2040,1983,25 Paisa - Birendra Bir Bikram (large type),Nepal,XF
N# 3775,1,2055,1998,25 Paisa - Birendra Bir Bikram (small type),Nepal,AU
N# 15575,1,2061,2004,50 Paisa - Gyanendra Bir Bikram,Nepal,AU
N# 11191,1,2064,2007,1 Rupee - Monarchy/Republic,Nepal,AU
N# 26791,1,2060,2003,2 Rupees - Gyanendra Bir Bikram (magnetic),Nepal,AU
N# 5737,1,2063,2006,2 Rupees - Monarchy/Republic,Nepal,AU
N# 26792,1,2053,1996,5 Rupees - Birendra Bir Bikram (non-magnetic),Nepal,AU
N# 14092,1,2054,1997,10 Rupees - Birendra Bir Bikram (Visit Nepal),Nepal,AU
N# 5589,1,2010,2010,5 Cents,Aruba,AU
N# 5349,1,2002,2002,10 Cents,Aruba,AU
N# 902,1,2016,2016,25 Cents,Aruba,AU
N# 5781,1,1947,1947,2½ Cents,Curaçao,XF
N# 167701,1,1943,1943,5 Cents,Curaçao,XF
N# 1041,1,2001,2001,1 Cent,Netherlands Antilles,VF
N# 8977,1,1959,1959,2½ Cents,Netherlands Antilles,XF
N# 3444,1,1971,1971,10 Cents,Netherlands Antilles,AU
N# 2937,1,1991,1991,25 Cents,Netherlands Antilles,AU
N# 2938,1,2008,2008,1 Gulden - Beatrix,Netherlands Antilles,XF
N# 1070,1,1881,1881,1 Cent,Netherlands,VF
N# 1070,1,1899,1899,1 Cent,Netherlands,VF
N# 2562,1,1948,1948,1 Cent - Wilhelmina,Netherlands,XF
N# 733,1,1951,1951,1 Cent - Juliana,Netherlands,XF
N# 733,1,1960,1960,1 Cent - Juliana,Netherlands,
N# 733,1,1972,1972,1 Cent - Juliana,Netherlands,
N# 1901,1,1948,1948,5 Cents - Wilhelmina,Netherlands,VF
N# 663,1,1950,1950,5 Cents - Juliana,Netherlands,
N# 663,1,1954,1954,5 Cents - Juliana,Netherlands,XF
N# 663,1,1964,1964,5 Cents - Juliana,Netherlands,VF
N# 663,1,1974,1974,5 Cents - Juliana,Netherlands,
N# 663,1,1975,1975,5 Cents - Juliana,Netherlands,AU
N# 663,1,1980,1980,5 Cents - Juliana,Netherlands,
N# 732,1,1996,1996,5 Cents - Beatrix,Netherlands,XF
N# 2549,1,1941,1941,10 Cents - German Occupation,Netherlands,
N# 2549,1,1942,1942,10 Cents - German Occupation,Netherlands,VF
N# 3115,1,1948,1948,10 Cents - Wilhelmina,Netherlands,XF
N# 734,1,1950,1950,10 Cents - Juliana,Netherlands,
N# 734,1,1955,1955,10 Cents - Juliana,Netherlands,VF
N# 734,1,1957,1957,10 Cents - Juliana,Netherlands,
N# 734,1,1970,1970,10 Cents - Juliana,Netherlands,XF
N# 734,1,1980,1980,10 Cents - Juliana,Netherlands,
N# 735,1,1997,1997,10 Cents - Beatrix,Netherlands,XF
N# 1367,1,1948,1948,25 Cents - Wilhelmina,Netherlands,VF
N# 656,1,1960,1960,25 Cents - Juliana,Netherlands,
N# 656,1,1968,1968,25 Cents - Juliana,Netherlands,
N# 656,1,1969,1969,25 Cents - Juliana,Netherlands,XF
N# 656,1,1976,1976,25 Cents - Juliana,Netherlands,AU
N# 656,1,1979,1979,25 Cents - Juliana,Netherlands,
N# 731,1,1983,1983,25 Cents - Beatrix,Netherlands,
N# 731,1,1985,1985,25 Cents - Beatrix,Netherlands,AU
N# 731,1,1992,1992,25 Cents - Beatrix,Netherlands,
N# 738,1,1971,1971,1 Gulden - Juliana,Netherlands,VF
N# 738,1,1972,1972,1 Gulden - Juliana,Netherlands,
N# 738,1,1979,1979,1 Gulden - Juliana,Netherlands,AU
N# 1285,1,1994,1994,1 Gulden - Beatrix,Netherlands,XF
N# 736,1,1970,1970,2½ Gulden - Juliana,Netherlands,AU
N# 2153,1,1982,1982,2½ Gulden - Beatrix,Netherlands,VF
N# 1283,1,1990,1990,5 Gulden - Beatrix,Netherlands,VF
N# 1283,1,1991,1991,5 Gulden - Beatrix,Netherlands,
N# 146,1,2001,2001,2 Euro Cents - Beatrix,Netherlands,XF
N# 149,1,2001,2001,20 Euro Cents - Beatrix (1st map),Netherlands,AU
N# 149,1,2002,2002,20 Euro Cents - Beatrix (1st map),Netherlands,
N# 152,1,2001,2001,2 Euros - Beatrix (1st map),Netherlands,XF
N# 3923,1,1954,1954,3 Pence - Elizabeth II (1st portrait),New Zealand,XF
N# 1846,1,1967,1967,1 Cent - Elizabeth II (2nd portrait),New Zealand,XF
N# 5215,1,1973,1973,2 Cents - Elizabeth II (2nd portrait),New Zealand,XF
N# 1123,1,1975,1975,5 Cents - Elizabeth II (2nd portrait),New Zealand,XF
N# 5251,1,1987,1987,5 Cents - Elizabeth II (3rd portrait),New Zealand,XF
N# 3297,1,2006,2006,"10 Cents - Elizabeth II (4th portrait; Magnetic, Small Type)",New Zealand,
N# 3297,1,2015,2015,"10 Cents - Elizabeth II (4th portrait; Magnetic, Small Type)",New Zealand,AU
N# 2619,1,2015,2015,20 Cents - Elizabeth II (4th portrait; Magnetic),New Zealand,AU
N# 3927,1,2006,2006,50 Cents - Elizabeth II (4th portrait; Magnetic),New Zealand,AU
N# 2620,1,2013,2013,1 Dollar - Elizabeth II (4th Portrait),New Zealand,AU
N# 3928,1,2008,2008,2 Dollars - Elizabeth II (4th Portrait),New Zealand,XF
N# 118350,1,2017,2017,1 Cent - Elizabeth II (4th portrait),Tokelau,AU
N# 4341,1,1972,1972,1 Córdoba,Nicaragua,UNC
N# 6096,1,2002,2002,10 Centavos,Nicaragua,XF
N# 72374,1,2007,2007,25 Centavos (2nd coat of arms),Nicaragua,XF
N# 5626,1,1997,1997,50 Centavos (1st coat of arms),Nicaragua,AU
N# 6475,1,1997,1997,1 Córdoba,Nicaragua,XF
N# 6475,1,2000,2000,1 Córdoba,Nicaragua,AU
N# 6094,1,2002,2002,1 Córdoba (Nickel clad steel),Nicaragua,XF
N# 6094,1,2012,2012,1 Córdoba (Nickel clad steel),Nicaragua,AU
N# 6094,1,2014,2014,1 Córdoba (Nickel clad steel),Nicaragua,XF
N# 371426,1,2022,2022,1 Córdoba (Stainless steel),Nicaragua,AU
N# 16192,1,2007,2007,5 Córdobas (2nd coat of arms; Nickel plated steel),Nicaragua,AU
N# 55293,1,2012,2012,5 Córdobas (Córdoba),Nicaragua,AU
N# 9773,1,2007,2007,10 Córdobas,Nicaragua,VF
N# 2129,1,1973,1973,1 Kobo,Nigeria,XF
N# 2697,1,1974,1974,5 Kobo,Nigeria,AU
N# 3494,1,2002,2002,½ Chon (Orangutan),North Korea,UNC
N# 3499,1,2002,2002,½ Chon (FAO),North Korea,UNC
N# 3501,1,2002,2002,½ Chon (FAO),North Korea,UNC
N# 6067,1,2008,2008,5 Denari,North Macedonia,AU
N# 4127,1,1948,1948,1 Øre - Haakon VII,Norway,XF
N# 1432,1,1957,1957,1 Øre - Haakon VII,Norway,VF
N# 1424,1,1969,1969,1 Øre - Olav V,Norway,XF
N# 1433,1,1936,1936,2 Øre - Haakon VII,Norway,XF
N# 7747,1,1952,1952,2 Øre - Haakon VII,Norway,VF
N# 7747,1,1956,1956,2 Øre - Haakon VII,Norway,XF
N# 4934,1,1958,1958,2 Øre - Olav V (Small letters),Norway,XF
N# 1425,1,1971,1971,2 Øre - Olav V (Large letters),Norway,XF
N# 4142,1,1902,1902,5 Øre - Oscar II,Norway,VF
N# 1426,1,1965,1965,5 Øre - Olav V,Norway,XF
N# 1427,1,1974,1974,5 Øre,Norway,VF
N# 1427,1,1979,1979,5 Øre,Norway,
N# 1427,1,1980,1980,5 Øre,Norway,
N# 1456,1,1949,1949,10 Øre,Norway,XF
N# 1456,1,1949,1949,10 Øre,Norway,XF
N# 3716,1,1942,1942,10 Øre (German Occupation Coinage),Norway,VG
N# 1435,1,1957,1957,10 Øre - Haakon VII,Norway,XF
N# 1428,1,1960,1960,10 Øre - Olav V (Large letters),Norway,XF
N# 1428,1,1967,1967,10 Øre - Olav V (Large letters),Norway,
N# 1429,1,1980,1980,10 Øre - Olav V,Norway,XF
N# 1429,1,1987,1987,10 Øre - Olav V,Norway,
N# 4129,1,1924,1924,25 Øre - Haakon VII,Norway,XF
N# 1436,1,1952,1952,25 Øre - Haakon VII,Norway,AU
N# 1436,1,1957,1957,25 Øre - Haakon VII,Norway,
N# 1431,1,1967,1967,25 Øre - Olav V,Norway,XF
N# 3704,1,1975,1975,25 Øre - Olav V,Norway,XF
N# 1454,1,1926,1926,50 Øre - Haakon VII,Norway,VF
N# 1437,1,1955,1955,50 Øre - Haakon VII,Norway,AU
N# 1438,1,1971,1971,50 Øre - Olav V,Norway,XF
N# 1439,1,1976,1976,50 Øre,Norway,AU
N# 1442,1,1996,1996,50 Øre,Norway,VF
N# 1442,1,1997,1997,50 Øre,Norway,
N# 1442,1,2001,2001,50 Øre,Norway,AU
N# 1442,1,2002,2002,50 Øre,Norway,
N# 1440,1,1925,1925,1 Krone - Haakon VII,Norway,XF
N# 2399,1,1970,1970,1 Krone - Olav V,Norway,VF
N# 2399,1,1972,1972,1 Krone - Olav V,Norway,XF
N# 984,1,1974,1974,1 Krone - Olav V,Norway,XF
N# 1443,1,1993,1993,1 Krone - Harald V,Norway,XF
N# 1444,1,1997,1997,1 Krone - Harald V,Norway,AU
N# 1444,1,2005,2005,1 Krone - Harald V,Norway,
N# 1444,1,2009,2009,1 Krone - Harald V,Norway,
N# 1444,1,2010,2010,1 Krone - Harald V,Norway,VF
N# 1449,1,1995,1995,10 Kroner - Harald V,Norway,XF
N# 7268,1,1390,1970,2 Baisa - Said,Muscat and Oman,XF
N# 83111,1,1437,2015,5 Baisa - Qaboos (National Day),Oman,AU
N# 3805,1,1949,1949,¼ Rupee (Crescent opens to right),Pakistan,XF
N# 10503,1,1961,1961,1 Pice,Pakistan,XF
N# 9785,1,1966,1966,1 Paisa,Pakistan,VF
N# 2753,1,1971,1971,1 Paisa,Pakistan,XF
N# 5201,1,1975,1975,2 Paisa (FAO),Pakistan,AU
N# 77648,1,2015,2015,5 Rupees,Pakistan,AU
N# 1039,1,1961,1961,1 Centésimo (Bronze/Brass),Panama,XF
N# 1039,1,1974,1974,1 Centésimo (Bronze/Brass),Panama,
N# 2850,1,1996,1996,1 Centésimo,Panama,XF
N# 1083,1,1993,1993,5 Centésimos,Panama,XF
N# 1036,1,1966,1966,⅒ Balboa,Panama,XF
N# 1036,1,1968,1968,⅒ Balboa,Panama,
N# 1036,1,1970,1970,⅒ Balboa,Panama,
N# 2851,1,2018,2018,⅒ Balboa,Panama,AU
N# 3034,1,1993,1993,¼ Balboa,Panama,XF
N# 3452,1,2003,2003,25 Centésimos (Ruins of Old Panama),Panama,XF
N# 9793,1,2008,2008,¼ Balboa (Children's Hospital),Panama,AU
N# 9555,1,2008,2008,½ Balboa,Panama,AU
N# 23694,1,2018,2018,1 Balboa,Panama,AU
N# 3362,1,2002,2002,2 Toea - Elizabeth II (Scorpion Fish),Papua New Guinea,AU
N# 827,1,1975,1975,1 Guaraní,Paraguay,AU
N# 5156,1,1993,1993,1 Guaraní (FAO),Paraguay,AU
N# 4973,1,1978,1978,5 Guaraníes (FAO),Paraguay,AU
N# 5155,1,1992,1992,5 Guaraníes (FAO),Paraguay,AU
N# 4974,1,1976,1976,10 Guaraníes,Paraguay,VF
N# 4975,1,1980,1980,10 Guaraníes (FAO),Paraguay,F
N# 5023,1,1996,1996,10 Guaraníes (FAO),Paraguay,AU
N# 4977,1,1986,1986,50 Guaraníes,Paraguay,VF
N# 5153,1,1992,1992,50 Guaraníes,Paraguay,AU
N# 9050,1,1995,1995,50 Guaraníes,Paraguay,AU
N# 4978,1,1990,1990,100 Guaraníes,Paraguay,XF
N# 5024,1,1993,1993,100 Guaraníes,Paraguay,VF
N# 4979,1,2018,2018,100 Guaraníes,Paraguay,AU
N# 7615,1,2011,2011,500 Guaraníes,Paraguay,XF
N# 9762,1,2008,2008,1000 Guaraníes,Paraguay,AU
N# 9762,1,2018,2018,1000 Guaraníes,Paraguay,
N# 9762,1,2018,2018,1000 Guaraníes,Paraguay,
N# 9762,1,2022,2022,1000 Guaraníes,Paraguay,AU
N# 203903,1,2017,2017,2000 Guaranies (Polymer; Series A-E),Paraguay,
N# 202312,1,2016,2016,5000 Guaranies (Polymer; Series G-J),Paraguay,
N# 202312,2,2022,2022,5000 Guaranies (Polymer; Series G-J),Paraguay,
N# 292380,1,2017,2017,10 000 Guaranies (Series H-K),Paraguay,
N# 258250,1,2017,2017,50 000 Guaranies (Series H-K),Paraguay,
N# 32966,1,1811,1811,¼ Real - Ferdinand VII,Peru,VG
N# 7429,1,1879,1879,5 Centavos,Peru,G
N# 7426,1,1941,1941,5 Centavos,Peru,XF
N# 15841,1,1942,1942,5 Centavos,Peru,VF
N# 1022,1,1953,1953,5 Centavos,Peru,XF
N# 1022,1,1954,1954,5 Centavos,Peru,
N# 7425,1,1921,1921,10 Centavos,Peru,VF
N# 5417,1,1952,1952,10 Centavos,Peru,XF
N# 8733,1,1947,1947,20 Centavos,Peru,XF
N# 7414,1,1965,1965,25 Centavos (Casa de Moneda),Peru,XF
N# 994,1,1968,1968,25 Centavos (Large coat of arms),Peru,VF
N# 994,1,1972,1972,25 Centavos (Large coat of arms),Peru,XF
N# 5310,1,1944,1944,½ Sol de Oro,Peru,VF
N# 7413,1,1965,1965,½ Sol de Oro (Casa de Moneda),Peru,VF
N# 909,1,1971,1971,½ Sol de Oro (Large Coat of Arms),Peru,XF
N# 9097,1,1974,1974,½ Sol de Oro (Small Coat of Arms),Peru,AU
N# 572,1,1976,1976,½ Sol de Oro,Peru,VF
N# 4640,1,1959,1959,1 Sol de Oro,Peru,XF
N# 920,1,1967,1967,1 Sol de Oro,Peru,XF
N# 985,1,1976,1976,1 Sol de Oro (large Type; no mintmark),Peru,AU
N# 18454,1,1978,1978,1 Sol de Oro (small Type; with mintmark),Peru,VF
N# 574,1,1977,1977,5 Soles de Oro,Peru,AU
N# 933,1,1979,1979,5 Soles de Oro,Peru,AU
N# 933,1,1980,1980,5 Soles de Oro,Peru,VF
N# 992,1,1980,1980,10 Soles de Oro,Peru,XF
N# 5358,1,1984,1984,10 Soles de Oro (Admiral Grau),Peru,XF
N# 3265,1,1981,1981,50 Soles de Oro,Peru,VF
N# 2633,1,1980,1980,100 Soles de Oro,Peru,XF
N# 4843,1,1986,1986,10 Céntimos,Peru,XF
N# 3534,1,1985,1985,50 Céntimos,Peru,VF
N# 3534,1,1986,1986,50 Céntimos,Peru,XF
N# 5421,1,1985,1985,1 Inti,Peru,AU
N# 2947,1,2006,2006,1 Céntimo,Peru,XF
N# 5424,1,1995,1995,5 Céntimos (With braille),Peru,VF
N# 5424,1,1997,1997,5 Céntimos (With braille),Peru,VF
N# 7423,1,2016,2016,5 Céntimos,Peru,AU
N# 324411,1,1992,1992,10 Céntimos (With Braille),Peru,
N# 324411,1,1993,1993,10 Céntimos (With Braille),Peru,
N# 324411,1,1994,1994,10 Céntimos (With Braille),Peru,XF
N# 2446,1,2005,2005,10 Céntimos (Without braille),Peru,
N# 2446,1,2012,2012,10 Céntimos (Without braille),Peru,XF
N# 2446,1,2012,2012,10 Céntimos (Without braille),Peru,XF
N# 2446,1,2014,2014,10 Céntimos (Without braille),Peru,
N# 2446,1,2016,2016,10 Céntimos (Without braille),Peru,AU
N# 2446,1,2018,2018,10 Céntimos (Without braille),Peru,XF
N# 2446,3,2024,2024,10 Céntimos (Without braille),Peru,
N# 2446,1,2025,2025,10 Céntimos (Without braille),Peru,AU
N# 324410,1,1991,1991,20 Céntimos (With braille),Peru,XF
N# 5422,1,2016,2016,20 Céntimos (Without braille),Peru,VF
N# 5422,1,2021,2021,20 Céntimos (Without braille),Peru,XF
N# 5422,1,2023,2023,20 Céntimos (Without braille),Peru,AU
N# 324409,1,1991,1991,50 Céntimos (With braille),Peru,VF
N# 324409,1,1992,1992,50 Céntimos (With braille),Peru,
N# 2444,1,2012,2012,50 Céntimos (Without braille),Peru,
N# 2444,3,2013,2013,50 Céntimos (Without braille),Peru,
N# 2444,1,2014,2014,50 Céntimos (Without braille),Peru,XF
N# 2444,1,2014,2014,50 Céntimos (Without braille),Peru,
N# 2444,1,2016,2016,50 Céntimos (Without braille),Peru,
N# 2444,2,2020,2020,50 Céntimos (Without braille),Peru,
N# 2444,1,2022,2022,50 Céntimos (Without braille),Peru,XF
N# 324407,1,1991,1991,1 Nuevo Sol (1st type; with braille),Peru,XF
N# 324407,1,1994,1994,1 Nuevo Sol (1st type; with braille),Peru,VF
N# 2443,2,2003,2003,1 Nuevo Sol (1st type; without braille),Peru,VF
N# 2443,1,2004,2004,1 Nuevo Sol (1st type; without braille),Peru,
N# 2443,1,2005,2005,1 Nuevo Sol (1st type; without braille),Peru,VF
N# 2443,1,2007,2007,1 Nuevo Sol (1st type; without braille),Peru,
N# 37083,1,2013,2013,1 Nuevo Sol (2nd type),Peru,XF
N# 37083,1,2014,2014,1 Nuevo Sol (2nd type),Peru,
N# 37083,1,2015,2015,1 Nuevo Sol (2nd type),Peru,
N# 52385,1,2013,2013,1 Nuevo Sol (Tunanmarca),Peru,AU
N# 75690,1,2015,2015,1 Nuevo Sol (450 years Casa Nacional de Moneda),Peru,XF
N# 96429,1,2016,2016,1 Sol,Peru,VF
N# 96429,1,2018,2018,1 Sol,Peru,XF
N# 96429,1,2021,2021,1 Sol,Peru,
N# 96429,1,2022,2022,1 Sol,Peru,XF
N# 96429,1,2024,2024,1 Sol,Peru,XF
N# 136690,1,2018,2018,1 Sol (Andean Tapir),Peru,XF
N# 266476,1,2020,2020,1 Sol (Heroínas Toledo),Peru,XF
N# 311035,1,2021,2021,1 Sol (Toribio Rodríguez de Mendoza),Peru,XF
N# 379059,1,2023,2023,1 Sol (José De La Mar y Cortázar),Peru,XF
N# 438061,1,2024,2024,1 Sol (Pre-Columbian Ceramics - Formative Period),Peru,XF
N# 3004,1,1995,1995,2 Nuevos Soles (1st type),Peru,VF
N# 3004,1,2007,2007,2 Nuevos Soles (1st type),Peru,XF
N# 19072,1,2011,2011,2 Nuevos Soles (2nd type),Peru,AU
N# 19072,1,2012,2012,2 Nuevos Soles (2nd type),Peru,AU
N# 85952,1,2018,2018,2 Soles,Peru,
N# 85952,1,2019,2019,2 Soles,Peru,
N# 85952,1,2020,2020,2 Soles,Peru,
N# 85952,1,2025,2025,2 Soles,Peru,AU
N# 4092,1,2000,2000,5 Nuevos Soles (1st type),Peru,VF
N# 17669,1,2010,2010,5 Nuevos Soles (2nd type),Peru,XF
N# 17669,1,2012,2012,5 Nuevos Soles (2nd type),Peru,AU
N# 94809,1,2018,2018,5 Soles,Peru,VF
N# 94809,1,2023,2023,5 Soles,Peru,
N# 94809,1,2024,2024,5 Soles,Peru,AU
N# 211545,2,2016,2016,10 Soles,Peru,
N# 335051,1,2019,2019,20 Soles,Peru,
N# 335053,1,2021,2021,50 Soles,Peru,
N# 6378,1,1944,1944,1 Centavo,Philippines,VF
N# 5996,1,1963,1963,1 Centavo,Philippines,AU
N# 4353,1,1903,1903,5 Centavos (Large type),Philippines,VF
N# 4711,1,1944,1944,5 Centavos,Philippines,AU
N# 4516,1,1960,1960,5 Centavos,Philippines,F
N# 4475,1,1966,1966,10 Centavos,Philippines,F
N# 2447,1,1975,1975,1 Sentimo,Philippines,AU
N# 6386,1,1970,1970,5 Sentimos,Philippines,VG
N# 4355,1,1976,1976,5 Sentimos,Philippines,VF
N# 6811,1,1978,1978,10 Sentimos,Philippines,XF
N# 2460,1,1991,1991,10 Sentimo,Philippines,XF
N# 18810,1,1994,1994,25 Sentimo (Small type),Philippines,VF
N# 1682,1,2001,2001,25 Sentimo (Non-magnetic),Philippines,XF
N# 4515,1,1972,1972,50 Sentimos,Philippines,F
N# 3749,1,1972,1972,1 Piso,Philippines,VF
N# 3748,1,1977,1977,1 Piso,Philippines,XF
N# 17107,1,2004,2004,1 Piso (Magnetic),Philippines,AU
N# 1680,1,1997,1997,5 Piso,Philippines,VF
N# 131048,1,2019,2019,"5 Piso (Round, BSP seal type 1)",Philippines,AU
N# 5632,1,1937,1937,5 Groszy,Poland,F
N# 2066,1,1966,1966,10 Groszy,Poland,AU
N# 2759,1,1963,1963,20 Groszy,Poland,
N# 2759,1,1965,1965,20 Groszy,Poland,VF
N# 2759,1,1969,1969,20 Groszy,Poland,VF
N# 2759,1,1971,1971,20 Groszy,Poland,VG
N# 7594,1,1949,1949,50 Groszy,Poland,VF
N# 7594,1,1949,1949,50 Groszy,Poland,F
N# 2065,1,1975,1975,1 Zloty (large type; large date),Poland,F
N# 134873,1,1986,1986,2 Zlotys (2nd Eagle Design),Poland,AU
N# 2076,1,1975,1975,10 Zlotys (Adam Mickiewicz),Poland,XF
N# 3283,1,1975,1975,10 Zlotys (Bolesław Prus),Poland,XF
N# 2062,1,1987,1987,10 Zlotys,Poland,AU
N# 2075,1,1973,1973,20 Zlotys,Poland,VF
N# 2074,1,1976,1976,20 Zlotys (Marceli Nowotko),Poland,AU
N# 2061,1,1987,1987,20 Zlotys (large type),Poland,AU
N# 526,1,2007,2007,1 Grosz (non-magnetic),Poland,AU
N# 60274,1,2014,2014,1 Grosz (magnetic),Poland,AU
N# 525,1,2004,2004,2 Grosze (non-magnetic),Poland,
N# 525,1,2012,2012,2 Grosze (non-magnetic),Poland,AU
N# 61644,1,2024,2024,5 Groszy (magnetic),Poland,AU
N# 523,1,1992,1992,10 Groszy,Poland,XF
N# 523,1,2001,2001,10 Groszy,Poland,VF
N# 523,1,2011,2011,10 Groszy,Poland,AU
N# 523,1,2016,2016,10 Groszy,Poland,XF
N# 233821,1,2020,2020,10 Groszy (Magnetic),Poland,AU
N# 522,1,2000,2000,20 Groszy,Poland,AU
N# 521,1,1992,1992,50 Groszy,Poland,AU
N# 521,1,1992,1992,50 Groszy,Poland,VF
N# 520,1,1991,1991,1 Zloty,Poland,XF
N# 518,1,2024,2024,2 Zlotys,Poland,XF
N# 1236,1,1968,1968,10 Centavos,Portugal,XF
N# 1366,1,1974,1974,10 Centavos,Portugal,F
N# 3282,1,1971,1971,20 Centavos,Portugal,XF
N# 991,1,1955,1955,50 Centavos,Portugal,XF
N# 776,1,1979,1979,50 Centavos,Portugal,AU
N# 775,1,1969,1969,1 Escudo,Portugal,AU
N# 11952,1,1982,1982,1 Escudo,Portugal,XF
N# 1241,1,1986,1986,1 Escudo,Portugal,XF
N# 1241,1,1992,1992,1 Escudo,Portugal,
N# 774,1,1974,1974,2.50 Escudos,Portugal,AU
N# 774,1,1977,1977,2.50 Escudos,Portugal,XF
N# 774,1,1982,1982,2.50 Escudos,Portugal,XF
N# 772,1,1964,1964,5 Escudos,Portugal,XF
N# 772,1,1980,1980,5 Escudos,Portugal,XF
N# 773,1,1986,1986,5 Escudos,Portugal,F
N# 773,1,1990,1990,5 Escudos,Portugal,F
N# 773,1,1991,1991,5 Escudos,Portugal,AU
N# 773,1,1992,1992,5 Escudos,Portugal,XF
N# 5444,1,1971,1971,10 Escudos,Portugal,AU
N# 771,1,1991,1991,10 Escudos,Portugal,XF
N# 1243,1,1987,1987,20 Escudos,Portugal,F
N# 1243,1,1988,1988,20 Escudos,Portugal,XF
N# 2384,1,1980,1980,25 Escudos,Portugal,AU
N# 770,1,1986,1986,50 Escudos,Portugal,XF
N# 1242,1,1991,1991,100 Escudos,Portugal,AU
N# 1238,1,1991,1991,200 Escudos,Portugal,AU
N# 154,1,2002,2002,2 Euro Cents,Portugal,XF
N# 154,1,2009,2009,2 Euro Cents,Portugal,
N# 156,1,2002,2002,10 Euro Cents (1st map),Portugal,AU
N# 157,1,2002,2002,20 Euro Cents (1st map),Portugal,XF
N# 4827,1,1398,1978,5 Dirhams,Qatar,AU
N# 84717,1,1437,2016,25 Dirhams,Qatar,AU
N# 4828,1,1398,1978,50 Dirhams,Qatar,XF
N# 3773,1,1957,1957,3 Pence - Elizabeth II (1st portrait),Rhodesia and Nyasaland,XF
N# 9886,1,1941,1941,2 Lei - Mihai I,Romania,VF
N# 2798,1,1960,1960,25 Bani,Romania,XF
N# 838,2,1966,1966,1 Leu,Romania,XF
N# 2079,1,1978,1978,5 Lei,Romania,VF
N# 4101,1,2017,2017,10 Bani (Eagle without crown),Romania,AU
N# 64945,1,,,Maiorina - Arcadius (GLORIA ROMANORVM; Cyzicus),Eastern Roman Empire,G
N# 291218,1,,270-275,Antoninianus - Aurelianus (RESTITVT ORBIS or RESTITVT OR•BIS),Roman Empire,G
N# 43220,1,,,Nummus - Constantius II (FEL TEMP REPARATIO; Sirmium),Roman Empire,VG
N# 3092,1,1992,1992,1 Rouble,Russian Federation,VF
N# 3092,1,1992,1992,1 Rouble,Russian Federation,AU
N# 4077,1,1992,1992,20 Roubles (non-magnetic; segmented edge),Russian Federation,AU
N# 4078,1,1993,1993,50 Roubles (non-magnetic; segmented edge),Russian Federation,XF
N# 1220,1,2003,2003,1 Kopeck,Russian Federation,VF
N# 1220,1,2008,2008,1 Kopeck,Russian Federation,AU
N# 4578,1,2012,2012,10 Kopecks (magnetic; smooth edge),Russian Federation,AU
N# 1729,1,1997,1997,50 Kopecks (non-magnetic; reeded edge),Russian Federation,F
N# 1730,1,1997,1997,"1 Rouble (straight ""ОДИН РУБЛЬ"" under Eagle)",Russian Federation,AU
N# 1730,1,1997,1997,"1 Rouble (straight ""ОДИН РУБЛЬ"" under Eagle)",Russian Federation,
N# 1732,1,1997,1997,"5 Roubles (straight ""ПЯТЬ РУБЛЕЙ"" under Eagle)",Russian Federation,AU
N# 8553,1,2011,2011,10 Roubles,Russian Federation,XF
N# 8553,1,2012,2012,10 Roubles,Russian Federation,AU
N# 4042,1,1932,1932,3 Kopecks (7 Ribbons),Soviet Union,VG
N# 4654,1,1957,1957,3 Kopecks (15 Ribbons),Soviet Union,XF
N# 5992,1,1955,1955,15 Kopecks (16 Ribbons),Soviet Union,VG
N# 767,1,1967,1967,1 Kopeck,Soviet Union,VF
N# 2085,1,1985,1985,2 Kopecks,Soviet Union,AU
N# 766,1,1990,1990,3 Kopecks,Soviet Union,AU
N# 2084,1,1962,1962,15 Kopecks,Soviet Union,XF
N# 763,1,1987,1987,20 Kopecks,Soviet Union,XF
N# 4452,1,1985,1985,1 Franc,Rwanda,AU
N# 5916,1,2003,2003,50 Francs (Type 1 legend),Rwanda,AU
N# 1478,1,2000,2000,2 Sene - Tanumafili II (FAO),Samoa,AU
N# 9869,1,1976,1976,20 Lire (Hands),San Marino,AU
N# 1756,1,1997,1997,2000 Dobras (FAO),São Tomé and Príncipe,AU
N# 14756,1,1408,1988,1 Qirsh / 5 Halalāt - Fahd,Saudi Arabia,AU
N# 964,1,1392,1972,2 Qirsh / 10 Halalāt - Fayṣal,Saudi Arabia,AU
N# 3141,1,1400,1980,2 Qirsh / 10 Halalāt - Khālid,Saudi Arabia,AU
N# 9924,1,1392,1973,¼ Riyal / 25 Halālah - Fayṣal (FAO),Saudi Arabia,XF
N# 16419,1,1430,2009,¼ Riyal / 25 Halālah - Abdullāh,Saudi Arabia,AU
N# 9930,1,1431,2010,½ Riyal / 50 Halalah - Abdullāh,Saudi Arabia,AU
N# 9928,1,1419,1999,1 Riyal / 100 Halalah - Fahd,Saudi Arabia,AU
N# 33449,1,2012,2012,1 Dinar (2nd Coat of Arms; Magnetic),Serbia,XF
N# 7844,1,2007,2007,5 Dinars (1st Coat of Arms; Non-magnetic),Serbia,XF
N# 4181,1,2000,2000,5 Cents,Seychelles,XF
N# 6508,1,1964,1964,1 Cent,Sierra Leone,AU
N# 2701,1,1986,1986,5 Cents (ribbon upwards),Singapore,AU
N# 42894,1,2013,2013,5 Cents,Singapore,AU
N# 1671,1,1971,1971,10 Cents,Singapore,XF
N# 1669,1,1985,1985,10 Cents (ribbon upwards),Singapore,
N# 1669,1,1986,1986,10 Cents (ribbon upwards),Singapore,AU
N# 1669,1,1988,1988,10 Cents (ribbon upwards),Singapore,AU
N# 1669,1,1990,1990,10 Cents (ribbon upwards),Singapore,
N# 42895,1,2017,2017,10 Cents,Singapore,AU
N# 975,1,1967,1967,20 Cents,Singapore,XF
N# 1666,1,1985,1985,50 Cents (ribbon upwards),Singapore,VF
N# 42897,1,2015,2015,50 Cents,Singapore,AU
N# 1665,1,1995,1995,1 Dollar (ribbon downwards),Singapore,AU
N# 2487,1,1993,1993,10 Halierov,Slovakia,XF
N# 2486,1,1993,1993,1 Koruna,Slovakia,XF
N# 2141,1,1998,1998,2 Tolarja,Slovenia,AU
N# 3487,1,1990,1990,50 Cents - Elizabeth II (3rd portrait; non-magnetic),Solomon Islands,AU
N# 7668,1,2000,2000,10 Shillings (Ox),Somalia,AU
N# 6359,1,1994,1994,1 Shilling,Somaliland,AU
N# 7469,1,1955,1955,¼ Penny - Elizabeth II (1st portrait),South Africa,XF
N# 1794,1,1975,1975,1 Cent (SUID-AFRIKA - SOUTH AFRICA),South Africa,XF
N# 2480,1,1999,1999,1 Cent (ISEWULA AFRIKA),South Africa,XF
N# 1774,1,1991,1991,2 Cents (SUID-AFRIKA - SOUTH AFRICA),South Africa,XF
N# 834,1,1994,1994,5 Cents (SOUTH AFRICA - SUID-AFRIKA),South Africa,XF
N# 2887,1,2006,2006,5 Cents (Afrika Borwa),South Africa,XF
N# 833,1,1971,1971,10 Cents (SOUTH AFRICA - SUID-AFRIKA),South Africa,XF
N# 4907,1,2003,2003,10 Cents (South Africa),South Africa,AU
N# 1787,1,1988,1988,20 Cents (SUID-AFRIKA - SOUTH AFRICA),South Africa,AU
N# 2232,1,1999,1999,20 Cents (AFERIKA BORWA),South Africa,AU
N# 2903,1,2007,2007,20 Cents (iNingizimu Afrika),South Africa,AU
N# 831,1,1993,1993,1 Rand (SOUTH AFRICA - SUID-AFRIKA),South Africa,XF
N# 75788,1,2014,2014,2 Rand (Union Buildings),South Africa,AU
N# 2234,1,1994,1994,5 Rand (SOUTH AFRICA - SUID-AFRIKA),South Africa,AU
N# 3537,1,1968,1968,5 Won,South Korea,VF
N# 2796,1,1978,1978,10 Won,South Korea,XF
N# 1654,1,2014,2014,10 Won,South Korea,XF
N# 1653,1,2000,2000,50 Won,South Korea,XF
N# 1037,1,1979,1979,100 Won,South Korea,AU
N# 1052,1,1991,1991,100 Won,South Korea,AU
N# 1652,1,2006,2006,500 Won,South Korea,XF
N# 18168,1,1817,1817,8 Maravedis - Ferdinand VII (Jubia; 1st portrait),Spain,VG
N# 14870,1,1818,1818,8 Maravedis - Ferdinand VII (Jubia; 2nd portrait),Spain,VG
N# 791,1,1870,1870,5 Centimos - Provisional Government,Spain,VG
N# 1248,1,1945,1945,5 Centimos (Iberian rider),Spain,F
N# 2596,1,1877,1877,10 Centimos - Alfonso XII,Spain,VG
N# 672,1,1940,1940,10 Centimos (Iberian rider),Spain,F
N# 672,1,1945,1945,10 Centimos (Iberian rider),Spain,VG
N# 673,1,1959,1959,10 Centimos - Francisco Franco,Spain,XF
N# 673,1,1959,1959,10 Centimos - Francisco Franco,Spain,XF
N# 671,1,1949,1952,50 Centimos (Arrows up),Spain,XF
N# 671,1,1949,1954,50 Centimos (Arrows up),Spain,VF
N# 792,1,1966,1968,50 Centimos - Francisco Franco,Spain,XF
N# 758,1,1944,1944,1 Peseta,Spain,VF
N# 787,1,1975,1978,1 Peseta - Juan Carlos I,Spain,AU
N# 788,1,1980,1980,1 Peseta - Juan Carlos I (España '82),Spain,XF
N# 789,1,1985,1985,1 Peseta - Juan Carlos I,Spain,XF
N# 1267,1,1997,1997,1 Peseta - Juan Carlos I (Aluminium),Spain,
N# 1267,1,1999,1999,1 Peseta - Juan Carlos I (Aluminium),Spain,XF
N# 781,1,1957,1974,5 Pesetas - Francisco Franco,Spain,XF
N# 782,1,1975,1979,5 Pesetas - Juan Carlos I,Spain,XF
N# 782,1,1975,1980,5 Pesetas - Juan Carlos I,Spain,
N# 946,1,1980,1981,5 Pesetas - Juan Carlos I (España '82),Spain,VF
N# 946,1,1980,1982,5 Pesetas - Juan Carlos I (España '82),Spain,XF
N# 1262,1,1992,1992,5 Pesetas - Juan Carlos I,Spain,XF
N# 1263,1,1993,1993,5 Pesetas (Jacobeo '93),Spain,AU
N# 784,1,1995,1995,5 Pesetas (Asturias),Spain,AU
N# 1149,1,1996,1996,5 Pesetas (La Rioja),Spain,AU
N# 1149,1,1996,1996,5 Pesetas (La Rioja),Spain,
N# 783,1,1997,1997,5 Pesetas (Balearic Islands),Spain,XF
N# 794,1,1983,1983,10 Pesetas - Juan Carlos I (Type 1 denomination),Spain,AU
N# 794,1,1983,1983,10 Pesetas - Juan Carlos I (Type 1 denomination),Spain,
N# 778,1,1957,1965,25 Pesetas - Francisco Franco,Spain,XF
N# 2736,1,1975,1977,25 Pesetas - Juan Carlos I,Spain,XF
N# 1353,1,1980,1982,25 Pesetas - Juan Carlos I (España '82),Spain,XF
N# 428,1,1983,1983,25 Pesetas - Juan Carlos I (With mintmark),Spain,XF
N# 1261,1,1990,1990,25 Pesetas - Juan Carlos I (High jump),Spain,AU
N# 1264,1,1997,1997,25 Pesetas (Melilla),Spain,AU
N# 2222,1,1980,1981,50 Pesetas - Juan Carlos I (España '82),Spain,XF
N# 2555,1,1992,1992,50 Pesetas - Juan Carlos I (Sagrada Familia),Spain,XF
N# 1258,1,1984,1984,"100 Pesetas - Juan Carlos I (Value as ""CIEN"")",Spain,XF
N# 2986,1,1999,1999,100 Pesetas - Juan Carlos I (Year of Older Persons),Spain,XF
N# 2285,1,1987,1987,200 Pesetas - Juan Carlos I,Spain,AU
N# 82,1,2000,2000,2 Euro Cents (1st type),Spain,
N# 82,1,2004,2004,2 Euro Cents (1st type),Spain,XF
N# 82,1,2005,2005,2 Euro Cents (1st type),Spain,
N# 10857,1,2016,2016,2 Euro Cents (2nd type),Spain,
N# 10857,1,2017,2017,2 Euro Cents (2nd type),Spain,AU
N# 83,1,1999,1999,5 Euro Cents (1st type),Spain,XF
N# 83,1,2004,2004,5 Euro Cents (1st type),Spain,
N# 3372,1,2009,2009,10 Euro Cents (1st type; 2nd map),Spain,AU
N# 85,1,1999,1999,20 Euro Cents (1st type; 1st map),Spain,XF
N# 10859,1,2010,2010,20 Euro Cents (2nd type; 2nd map),Spain,XF
N# 86,1,2000,2000,50 Euro Cents (1st type; 1st map),Spain,
N# 86,1,2002,2002,50 Euro Cents (1st type; 1st map),Spain,XF
N# 87,1,2003,2003,1 Euro - Juan Carlos I (1st type; 1st map),Spain,
N# 87,1,2006,2006,1 Euro - Juan Carlos I (1st type; 1st map),Spain,XF
N# 5338,1,1968,1968,1 Cent - Elizabeth II,Ceylon,AU
N# 2624,1,1955,1955,2 Cents - Elizabeth II (1st portrait),Ceylon,VF
N# 1599,1,1991,1991,5 Cents,Sri Lanka,AU
N# 8144,1,1975,1975,10 Cents,Sri Lanka,VF
N# 15738,1,1989,1989,25 Cents,Sri Lanka,VF
N# 3193,1,1996,1996,1 Rupee (magnetic),Sri Lanka,AU
N# 15760,1,2004,2004,5 Rupees (non-magnetic),Sri Lanka,AU
N# 16281,1,2009,2009,10 Rupees,Sri Lanka,XF
N# 7465,1,2006,2006,50 Piastres / Qirsh (non-magnetic),Sudan,AU
N# 4982,1,1970,1970,1 Cent,Suriname,XF
N# 6022,1,1962,1962,5 Cents,Suriname,AU
N# 9523,1,2009,2009,10 Cents,Suriname,XF
N# 9524,1,1987,1987,25 Cents,Suriname,XF
N# 1131,1,1880,1880,1 Öre - Oscar II (Extra large letters),Sweden,G
N# 12982,1,1907,1907,1 Öre - Oscar II,Sweden,XF
N# 4030,1,1931,1931,1 Öre - Gustaf V,Sweden,XF
N# 4030,1,1932,1932,1 Öre - Gustaf V,Sweden,VF
N# 4030,2,1934,1934,1 Öre - Gustaf V,Sweden,VF
N# 4030,1,1934,1934,1 Öre - Gustaf V,Sweden,
N# 4030,1,1936,1936,1 Öre - Gustaf V,Sweden,VF
N# 4030,1,1938,1938,1 Öre - Gustaf V,Sweden,
N# 4030,1,1941,1941,1 Öre - Gustaf V,Sweden,VF
N# 4030,1,1950,1950,1 Öre - Gustaf V,Sweden,XF
N# 12983,1,1918,1918,1 Öre - Gustaf V,Sweden,F
N# 4935,1,1942,1942,1 Öre - Gustaf V,Sweden,G
N# 4935,1,1943,1943,1 Öre - Gustaf V,Sweden,VG
N# 4935,1,1944,1944,1 Öre - Gustaf V,Sweden,VG
N# 4935,1,1946,1946,1 Öre - Gustaf V,Sweden,VG
N# 4935,1,1947,1947,1 Öre - Gustaf V,Sweden,F
N# 4935,1,1948,1948,1 Öre - Gustaf V,Sweden,F
N# 4935,1,1949,1949,1 Öre - Gustaf V,Sweden,VG
N# 4935,1,1950,1950,1 Öre - Gustaf V,Sweden,G
N# 1506,1,1955,1955,1 Öre - Gustaf VI Adolf,Sweden,
N# 1506,1,1957,1957,1 Öre - Gustaf VI Adolf,Sweden,AU
N# 1506,1,1961,1961,1 Öre - Gustaf VI Adolf,Sweden,VF
N# 1506,1,1968,1968,1 Öre - Gustaf VI Adolf,Sweden,
N# 6150,1,1901,1901,2 Öre - Oscar II (Large letters),Sweden,VF
N# 6150,1,1905,1905,2 Öre - Oscar II (Large letters),Sweden,XF
N# 4031,1,1916,1916,2 Öre - Gustaf V,Sweden,XF
N# 4031,1,1919,1919,2 Öre - Gustaf V,Sweden,XF
N# 4031,1,1920,1920,2 Öre - Gustaf V,Sweden,
N# 4031,1,1921,1921,2 Öre - Gustaf V,Sweden,
N# 4031,1,1927,1927,2 Öre - Gustaf V,Sweden,VF
N# 4031,1,1931,1931,2 Öre - Gustaf V,Sweden,VF
N# 4031,1,1933,1933,2 Öre - Gustaf V,Sweden,F
N# 4031,1,1937,1937,2 Öre - Gustaf V,Sweden,VF
N# 4031,1,1938,1938,2 Öre - Gustaf V,Sweden,XF
N# 4031,1,1939,1939,2 Öre - Gustaf V,Sweden,VF
N# 4031,1,1941,1941,2 Öre - Gustaf V,Sweden,
N# 4033,1,1942,1942,2 Öre - Gustaf V,Sweden,F
N# 4033,1,1942,1942,2 Öre - Gustaf V,Sweden,VG
N# 4033,1,1943,1943,2 Öre - Gustaf V,Sweden,XF
N# 4033,1,1943,1943,2 Öre - Gustaf V,Sweden,VF
N# 4033,1,1944,1944,2 Öre - Gustaf V,Sweden,F
N# 4033,1,1945,1945,2 Öre - Gustaf V,Sweden,G
N# 4033,1,1946,1946,2 Öre - Gustaf V,Sweden,F
N# 4033,1,1947,1947,2 Öre - Gustaf V,Sweden,F
N# 4033,1,1948,1948,2 Öre - Gustaf V,Sweden,VF
N# 4033,1,1948,1948,2 Öre - Gustaf V,Sweden,VF
N# 4033,1,1949,1949,2 Öre - Gustaf V,Sweden,F
N# 4033,1,1950,1950,2 Öre - Gustaf V,Sweden,VF
N# 4033,1,1950,1950,2 Öre - Gustaf V,Sweden,VF
N# 1033,1,1956,1956,2 Öre - Gustaf VI Adolf,Sweden,XF
N# 1033,1,1964,1964,2 Öre - Gustaf VI Adolf,Sweden,
N# 1033,1,1970,1970,2 Öre - Gustaf VI Adolf,Sweden,
N# 1033,1,1971,1971,2 Öre - Gustaf VI Adolf,Sweden,
N# 6151,1,1903,1903,5 Öre - Oscar II (Large letters),Sweden,VF
N# 1470,1,1911,1911,5 Öre - Gustaf V,Sweden,XF
N# 1470,1,1930,1930,5 Öre - Gustaf V,Sweden,XF
N# 5987,1,1948,1948,5 Öre - Gustaf V,Sweden,XF
N# 1494,1,1955,1955,5 Öre - Gustaf VI Adolf,Sweden,XF
N# 1508,1,1972,1972,5 Öre,Sweden,XF
N# 1467,1,1977,1977,5 Öre - Carl XVI Gustaf (Bronze),Sweden,XF
N# 1467,1,1979,1979,5 Öre - Carl XVI Gustaf (Bronze),Sweden,
N# 6861,1,1983,1983,5 Öre - Carl XVI Gustaf (Brass),Sweden,AU
N# 4036,1,1924,1924,10 Öre - Gustaf V,Sweden,VF
N# 1510,1,1962,1962,10 Öre,Sweden,XF
N# 1504,1,1963,1963,10 Öre - Gustaf VI Adolf,Sweden,AU
N# 1504,1,1965,1965,10 Öre - Gustaf VI Adolf,Sweden,XF
N# 1504,1,1968,1968,10 Öre - Gustaf VI Adolf,Sweden,
N# 1504,1,1969,1969,10 Öre - Gustaf VI Adolf,Sweden,
N# 1466,1,1982,1982,10 Öre - Carl XVI Gustaf,Sweden,AU
N# 1466,1,1982,1982,10 Öre - Carl XVI Gustaf,Sweden,
N# 1466,1,1983,1983,10 Öre - Carl XVI Gustaf,Sweden,
N# 1466,1,1985,1985,10 Öre - Carl XVI Gustaf,Sweden,
N# 1466,1,1986,1986,10 Öre - Carl XVI Gustaf,Sweden,VF
N# 1466,1,1988,1988,10 Öre - Carl XVI Gustaf,Sweden,
N# 1466,1,1990,1990,10 Öre - Carl XVI Gustaf,Sweden,XF
N# 1511,1,1941,1941,25 Öre - Gustaf V,Sweden,XF
N# 1503,1,1964,1964,25 Öre - Gustaf VI Adolf,Sweden,AU
N# 1503,1,1966,1966,25 Öre - Gustaf VI Adolf,Sweden,
N# 1503,1,1968,1968,25 Öre - Gustaf VI Adolf,Sweden,
N# 1503,1,1969,1969,25 Öre - Gustaf VI Adolf,Sweden,
N# 1503,1,1973,1973,25 Öre - Gustaf VI Adolf,Sweden,XF
N# 1464,1,1978,1978,25 Öre - Carl XVI Gustaf,Sweden,
N# 1464,1,1981,1981,25 Öre - Carl XVI Gustaf,Sweden,VF
N# 1509,1,1946,1946,50 Öre - Gustaf V,Sweden,VF
N# 1502,1,1967,1967,50 Öre - Gustaf VI Adolf,Sweden,
N# 1502,1,1970,1970,50 Öre - Gustaf VI Adolf,Sweden,
N# 1502,1,1973,1973,50 Öre - Gustaf VI Adolf,Sweden,AU
N# 3380,1,1978,1978,50 Öre - Carl XVI Gustaf,Sweden,AU
N# 1507,1,2001,2001,50 Öre,Sweden,XF
N# 1507,1,2006,2006,50 Öre,Sweden,
N# 1507,1,2007,2007,50 Öre,Sweden,AU
N# 1507,1,2007,2007,50 Öre,Sweden,XF
N# 1507,1,2008,2008,50 Öre,Sweden,
N# 1516,1,1968,1968,1 Krona - Gustaf VI Adolf (Copper-nickel clad),Sweden,XF
N# 1516,1,1968,1968,1 Krona - Gustaf VI Adolf (Copper-nickel clad),Sweden,XF
N# 1516,1,1973,1973,1 Krona - Gustaf VI Adolf (Copper-nickel clad),Sweden,AU
N# 1513,1,1981,1981,1 Krona - Carl XVI Gustaf (Copper-nickel clad),Sweden,XF
N# 6862,1,1989,1989,1 Krona - Carl XVI Gustaf (Copper-nickel),Sweden,
N# 6862,1,1997,1997,1 Krona - Carl XVI Gustaf (Copper-nickel),Sweden,AU
N# 2848,1,2003,2003,1 Krona - Carl XVI Gustaf,Sweden,XF
N# 9931,1,2009,2009,1 Krona - Carl XVI Gustaf (Separation from Finland),Sweden,AU
N# 88649,1,2016,2016,1 Krona - Carl XVI Gustaf,Sweden,AU
N# 88649,1,2016,2016,1 Krona - Carl XVI Gustaf,Sweden,
N# 88650,1,2016,2016,2 Kronor - Carl XVI Gustaf,Sweden,AU
N# 6195,1,1972,1972,5 Kronor - Gustaf VI Adolf,Sweden,AU
N# 2752,1,1984,1984,5 Kronor - Carl XVI Gustaf,Sweden,XF
N# 88651,1,2016,2016,5 Kronor - Carl XVI Gustaf,Sweden,AU
N# 2750,1,1991,1991,10 Kronor - Carl XVI Gustaf,Sweden,
N# 2750,1,1992,1992,10 Kronor - Carl XVI Gustaf,Sweden,AU
N# 163,1,1958,1958,1 Rappen (wheat spike),Switzerland,VF
N# 163,1,1982,1982,1 Rappen (wheat spike),Switzerland,VF
N# 167,1,1850,1850,5 Rappen (Coat of arms),Switzerland,VF
N# 168,1,1954,1954,5 Rappen (Libertas; copper-nickel),Switzerland,AU
N# 168,1,1974,1974,5 Rappen (Libertas; copper-nickel),Switzerland,XF
N# 171,1,1984,1984,5 Rappen (Libertas; aluminium-bronze),Switzerland,AU
N# 171,1,1987,1987,5 Rappen (Libertas; aluminium-bronze),Switzerland,
N# 173,1,1964,1964,10 Rappen (Libertas; copper-nickel),Switzerland,
N# 173,1,1975,1975,10 Rappen (Libertas; copper-nickel),Switzerland,
N# 173,1,1984,1984,10 Rappen (Libertas; copper-nickel),Switzerland,AU
N# 175,1,1939,1939,10 Rappen (Libertas; nickel),Switzerland,VF
N# 178,1,1970,1970,20 Rappen (Libertas; copper-nickel),Switzerland,AU
N# 178,1,1980,1980,20 Rappen (Libertas; copper-nickel),Switzerland,
N# 180,1,1946,1946,½ Franc (Helvetia standing; silver),Switzerland,XF
N# 181,1,1968,1968,½ Franc (Helvetia standing; copper-nickel),Switzerland,AU
N# 181,1,1974,1974,½ Franc (Helvetia standing; copper-nickel),Switzerland,
N# 181,1,2010,2010,½ Franc (Helvetia standing; copper-nickel),Switzerland,AU
N# 184,1,1962,1962,1 Franc (Helvetia standing; silver),Switzerland,AU
N# 185,1,1995,1995,1 Franc (Helvetia standing; copper-nickel),Switzerland,AU
N# 189,1,1989,1989,2 Francs (Helvetia standing; copper-nickel),Switzerland,AU
N# 31122,1,,1994-2006,1 Jazz (Montreux Jazz Festival),Switzerland,VF
N# 1067,1,1416,1996,5 Pounds (Citadel of Aleppo),Syria,XF
N# 9277,1,38,1949,1 Jiao,Taiwan,VF
N# 5648,1,44,1955,1 Jiao,Taiwan,XF
N# 1274,1,49,1960,1 New Dollar,Taiwan,XF
N# 966,1,84,1995,1 New Dollar,Taiwan,AU
N# 3505,1,72,1983,5 New Dollars,Taiwan,XF
N# 1587,1,79,1990,10 New Dollars,Taiwan,XF
N# 46289,1,2011,2011,1 Diram,Tajikistan,AU
N# 1965,1,1972,1972,5 Senti,Tanzania,XF
N# 1962,1,1981,1981,10 Senti,Tanzania,AU
N# 3375,1,1981,1981,50 Senti,Tanzania,VF
N# 1961,1,1990,1990,50 Senti,Tanzania,AU
N# 1963,2,1992,1992,1 Shilingi,Tanzania,AU
N# 4187,1,1994,1994,100 Shilingi,Tanzania,VF
N# 8758,1,2464,1921,5 Satang,Thailand,VF
N# 2643,1,2500,1957,25 Satang - Rama IX,Thailand,VF
N# 1642,1,2547,2004,25 Satang - Rama IX,Thailand,AU
N# 1644,1,2544,2001,50 Satang - Rama IX,Thailand,AU
N# 138317,1,2561,2018,50 Satang - Rama X (1st portrait),Thailand,AU
N# 1641,1,2517,1974,1 Baht - Rama IX,Thailand,XF
N# 1106,1,2530,1987,1 Baht - Rama IX (Non-magnetic),Thailand,XF
N# 1106,1,2530,1987,1 Baht - Rama IX (Non-magnetic),Thailand,XF
N# 1106,1,2530,1987,1 Baht - Rama IX (Non-magnetic),Thailand,
N# 1106,1,2547,2004,1 Baht - Rama IX (Non-magnetic),Thailand,
N# 9226,1,2555,2012,1 Baht - Rama IX (Magnetic),Thailand,AU
N# 1640,1,2544,2001,5 Baht - Rama IX (heavy type),Thailand,XF
N# 1640,1,2547,2004,5 Baht - Rama IX (heavy type),Thailand,XF
N# 1643,1,2537,1994,10 Baht - Rama IX,Thailand,AU
N# 6196,1,2003,2003,1 Centavo,Timor-Leste,AU
N# 8011,1,1967,1967,10 Seniti - Salote Tupou III,Tonga,XF
N# 102792,1,2013,2013,⅒ Escalin,Tortuga Island,AU
N# 23959,1,2005,2005,"25 Kopecks (Aluminium bronze, second coat of arms)",Transnistria,AU
N# 969,1,1967,1967,1 Cent,Trinidad and Tobago,XF
N# 5776,1,1966,1966,5 Cents - Elizabeth II,Trinidad and Tobago,F
N# 926,1,1977,1977,5 Cents (Non-Magnetic),Trinidad and Tobago,XF
N# 3463,1,1976,1976,10 Cents,Trinidad and Tobago,XF
N# 140715,1,2017,2017,10 Cents (Magnetic),Trinidad and Tobago,AU
N# 5777,1,1967,1967,25 Cents - Elizabeth II,Trinidad and Tobago,XF
N# 1159,1,1976,1976,25 Cents (Non-Magnetic),Trinidad and Tobago,XF
N# 822,1,1960,1960,5 Millimes,Tunisia,F
N# 1202,1,1418,1997,½ Dinar,Tunisia,VF
N# 1204,1,1976,1976,1 Dinar (Habib Bourguiba),Tunisia,F
N# 4198,1,1949,1949,25 Kuruş,Turkey,VG
N# 7888,1,1969,1969,25 Kuruş,Turkey,AU
N# 1341,1,1966,1966,1 Lira,Turkey,XF
N# 1334,1,1981,1981,1 Lira,Turkey,AU
N# 1338,1,1986,1986,50 Lira,Turkey,XF
N# 1326,1,1996,1996,10 000 Lira,Turkey,VF
N# 1320,1,1998,1998,25 000 Lira,Turkey,XF
N# 1327,1,1996,1996,50 000 Lira,Turkey,VF
N# 6865,1,1999,1999,50 000 Lira (FAO),Turkey,UNC
N# 1345,1,2002,2002,250 000 Lira,Turkey,XF
N# 1345,1,2003,2003,250 000 Lira,Turkey,VF
N# 6391,1,2002,2002,500 000 Lira (FAO),Turkey,UNC
N# 6392,1,2002,2002,750 000 Lira (FAO),Turkey,UNC
N# 7047,1,2009,2009,5 Kuruş,Turkey,VF
N# 2755,1,2005,2005,10 Yeni Kuruş,Turkey,AU
N# 2755,1,2006,2006,10 Yeni Kuruş,Turkey,XF
N# 6165,1,2021,2021,10 Kuruş,Turkey,AU
N# 3042,1,2005,2005,25 Yeni Kuruş,Turkey,VF
N# 6164,1,2009,2009,25 Kuruş,Turkey,XF
N# 3043,1,2005,2005,50 Yeni Kuruş,Turkey,XF
N# 3044,1,2005,2005,1 Yeni Lira,Turkey,AU
N# 6163,1,2015,2015,1 Lira (heavy type),Turkey,XF
N# 4235,1,1993,1993,50 Teňňe,Turkmenistan,AU
N# 2112,1,1987,1987,1 Shilling,Uganda,AU
N# 2113,2,1987,1987,2 Shillings,Uganda,AU
N# 2114,1,1987,1987,5 Shillings,Uganda,AU
N# 5553,1,2003,2003,200 Shillings (Non-magnetic),Uganda,VF
N# 3303,1,2012,2012,1 Kopiika,Ukraine,AU
N# 3104,1,2012,2012,5 Kopiiok,Ukraine,AU
N# 11198,1,2008,2008,"50 Kopiiok (with mintmark, non-magnetic)",Ukraine,XF
N# 140064,1,2018,2018,1 Hryvnia,Ukraine,AU
N# 140065,1,2020,2020,2 Hryvni,Ukraine,AU
N# 2451,1,1404,1984,25 Fils (non-magnetic),United Arab Emirates,XF
N# 2451,1,1419,1998,25 Fils (non-magnetic),United Arab Emirates,AU
N# 68022,1,1435,2014,25 Fils (magnetic),United Arab Emirates,XF
N# 1310,1,1425,2005,1 Dirham (small type; non-magnetic),United Arab Emirates,XF
N# 40522,1,1435,2014,1 Dirham (small type; magnetic),United Arab Emirates,AU
N# 1045,1,1978,1978,1 Cent - Elizabeth II (2nd portrait),Bermuda,XF
N# 9361,1,1996,1996,1 Cent - Elizabeth II (3rd portrait),Bermuda,XF
N# 3214,1,2008,2008,10 Cents - Elizabeth II (4th portrait),Bermuda,AU
N# 3216,1,1994,1994,25 Cents - Elizabeth II (3rd portrait),Bermuda,XF
N# 3219,1,2009,2009,1 Dollar - Elizabeth II (4th portrait),Bermuda,XF
N# 2698,1,2002,2002,5 Cents - Elizabeth II (4th portrait),Cayman Islands,AU
N# 6805,1,1972,1972,10 Cents - Elizabeth II (2nd portrait),Cayman Islands,XF
N# 3192,1,2013,2013,25 Cents - Elizabeth II (4th portrait),Cayman Islands,AU
N# 5729,1,1987,1987,1 Penny - Elizabeth II (2nd portrait; non-magnetic),Falkland Islands,XF
N# 5729,1,1987,1987,1 Penny - Elizabeth II (2nd portrait; non-magnetic),Falkland Islands,XF
N# 5730,1,1983,1983,2 Pence - Elizabeth II (2nd portrait),Falkland Islands,XF
N# 9407,1,1998,1998,2 Pence - Elizabeth II (2nd portrait),Falkland Islands,AU
N# 9409,1,1980,1980,10 Pence - Elizabeth II (2nd portrait; large type),Falkland Islands,XF
N# 5113,1,2007,2007,1 Penny - Elizabeth II (Mace of the House of Assembly),Gibraltar,AU
N# 4988,1,1989,1989,2 Pence - Elizabeth II (Europa Point Lighthouse; non-magnetic),Gibraltar,VF
N# 4988,1,1991,1991,2 Pence - Elizabeth II (Europa Point Lighthouse; non-magnetic),Gibraltar,XF
N# 4988,1,1992,1992,2 Pence - Elizabeth II (Europa Point Lighthouse; non-magnetic),Gibraltar,VF
N# 9531,1,1991,1991,5 Pence - Elizabeth II (Barbary Macaque; small type),Gibraltar,AU
N# 3866,1,1998,1998,10 Pence - Elizabeth II (Europort; head with tiara),Gibraltar,AU
N# 8121,1,2003,2003,10 Pence - Elizabeth II (3rd portrait; small type),Saint Helena and Ascension,XF
N# 12907,1,,,1 Farthing - Charles II,England,VG
N# 26715,1,,,1 Farthing - William III (1st and 2nd issues),England,G
N# 316386,1,,,½ Penny - Henry III (Long Cross type; with sceptre),England,G
N# 399832,1,,1307-1327,½ Penny - Edward II (London),England,G
N# 334807,1,,1634-1636,1 Farthing - Charles I (Maltravers type 1; counterfeit),England,G
N# 3310,1,1947,1947,1 Farthing - George VI (with 'IND:IMP'),United Kingdom,AU
N# 8484,1,,,1 Farthing - William IV,United Kingdom,VF
N# 8484,1,1837,1837,1 Farthing - William IV,United Kingdom,VF
N# 1013,1,1875,1875,1 Farthing - Victoria (2nd portrait; 2nd type),United Kingdom,G
N# 1013,1,1888,1888,1 Farthing - Victoria (2nd portrait; 2nd type),United Kingdom,VF
N# 1013,1,1894,1894,1 Farthing - Victoria (2nd portrait; 2nd type),United Kingdom,XF
N# 5746,1,1904,1904,1 Farthing - Edward VII,United Kingdom,XF
N# 4097,1,1916,1916,1 Farthing - George V,United Kingdom,F
N# 4097,1,1918,1918,1 Farthing - George V,United Kingdom,F
N# 5545,1,1929,1929,1 Farthing - George V (modified effigy),United Kingdom,VF
N# 5545,1,1931,1931,1 Farthing - George V (modified effigy),United Kingdom,XF
N# 5545,1,1932,1932,1 Farthing - George V (modified effigy),United Kingdom,
N# 5545,1,1933,1933,1 Farthing - George V (modified effigy),United Kingdom,VF
N# 7182,1,1952,1952,1 Farthing - George VI (without 'IND:IMP'),United Kingdom,AU
N# 7396,1,1953,1953,1 Farthing - Elizabeth II (1st portrait; with 'BRITT:OMN'),United Kingdom,VF
N# 4212,1,1806,1806,½ Penny - George III (4th issue),United Kingdom,VF
N# 12806,1,1853,1853,½ Penny - Victoria (1st portrait),United Kingdom,VF
N# 872,1,1860,1860,½ Penny - Victoria (2nd portrait; 1st type),United Kingdom,F
N# 4575,1,1888,1888,½ Penny - Victoria (2nd portrait; 2nd type),United Kingdom,VF
N# 4576,1,,,½ Penny - Victoria (3rd portrait),United Kingdom,G
N# 1867,1,1903,1903,½ Penny - Edward VII,United Kingdom,VF
N# 871,1,1911,1911,½ Penny - George V (1st portrait),United Kingdom,VF
N# 871,1,1912,1912,½ Penny - George V (1st portrait),United Kingdom,F
N# 871,1,1916,1916,½ Penny - George V (1st portrait),United Kingdom,VF
N# 871,1,1918,1918,½ Penny - George V (1st portrait),United Kingdom,VF
N# 7173,1,1926,1926,½ Penny - George V (modified effigy),United Kingdom,F
N# 4004,1,1935,1935,½ Penny - George V (smaller portrait),United Kingdom,XF
N# 3593,1,1949,1949,½ Penny - George VI (without 'IND:IMP'),United Kingdom,VF
N# 3593,1,1952,1952,½ Penny - George VI (without 'IND:IMP'),United Kingdom,VF
N# 668,2,1953,1953,½ Penny - Elizabeth II (1st portrait; with 'BRITT:OMN'),United Kingdom,F
N# 5824,1,1956,1956,½ Penny - Elizabeth II (1st portrait; without 'BRITT:OMN'),United Kingdom,XF
N# 5824,1,1959,1959,½ Penny - Elizabeth II (1st portrait; without 'BRITT:OMN'),United Kingdom,AU
N# 5824,1,1959,1959,½ Penny - Elizabeth II (1st portrait; without 'BRITT:OMN'),United Kingdom,XF
N# 5824,1,1960,1960,½ Penny - Elizabeth II (1st portrait; without 'BRITT:OMN'),United Kingdom,XF
N# 5824,1,1964,1964,½ Penny - Elizabeth II (1st portrait; without 'BRITT:OMN'),United Kingdom,XF
N# 5824,1,1964,1964,½ Penny - Elizabeth II (1st portrait; without 'BRITT:OMN'),United Kingdom,VF
N# 5824,1,1965,1965,½ Penny - Elizabeth II (1st portrait; without 'BRITT:OMN'),United Kingdom,VF
N# 5824,1,1966,1966,½ Penny - Elizabeth II (1st portrait; without 'BRITT:OMN'),United Kingdom,XF
N# 5824,1,1967,1967,½ Penny - Elizabeth II (1st portrait; without 'BRITT:OMN'),United Kingdom,XF
N# 5824,1,1967,1967,½ Penny - Elizabeth II (1st portrait; without 'BRITT:OMN'),United Kingdom,VF
N# 870,1,1937,1937,½ Penny - George VI (with 'IND:IMP'),United Kingdom,VF
N# 870,1,1939,1939,½ Penny - George VI (with 'IND:IMP'),United Kingdom,VF
N# 870,1,1940,1940,½ Penny - George VI (with 'IND:IMP'),United Kingdom,XF
N# 870,1,1942,1942,½ Penny - George VI (with 'IND:IMP'),United Kingdom,F
N# 870,1,1944,1944,½ Penny - George VI (with 'IND:IMP'),United Kingdom,F
N# 870,2,1944,1944,½ Penny - George VI (with 'IND:IMP'),United Kingdom,F
N# 870,1,1948,1948,½ Penny - George VI (with 'IND:IMP'),United Kingdom,XF
N# 670,1,1895,1895,1 Penny - Victoria (3rd portrait),United Kingdom,VF
N# 670,1,1899,1899,1 Penny - Victoria (3rd portrait),United Kingdom,VF
N# 670,2,1899,1899,1 Penny - Victoria (3rd portrait),United Kingdom,VF
N# 670,2,1901,1901,1 Penny - Victoria (3rd portrait),United Kingdom,VF
N# 947,1,1797,1797,1 Penny - George III (2nd Issue; 'Cartwheel'),United Kingdom,G
N# 8083,1,1826,1826,1 Penny - George IV (2nd issue),United Kingdom,VF
N# 855,1,1878,1878,1 Penny - Victoria (2nd portrait; 2nd type),United Kingdom,G
N# 855,1,1891,1891,1 Penny - Victoria (2nd portrait; 2nd type),United Kingdom,VF
N# 857,1,1902,1902,1 Penny - Edward VII,United Kingdom,F
N# 857,1,1907,1907,1 Penny - Edward VII,United Kingdom,VF
N# 857,2,1910,1910,1 Penny - Edward VII,United Kingdom,F
N# 578,1,1912,1912,1 Penny - George V,United Kingdom,XF
N# 578,1,1916,1916,1 Penny - George V,United Kingdom,VF
N# 578,1,1916,1916,1 Penny - George V,United Kingdom,F
N# 7242,1,1927,1927,1 Penny - George V (modified effigy),United Kingdom,XF
N# 5985,1,1928,1928,1 Penny - George V (smaller portrait),United Kingdom,XF
N# 5985,1,1930,1930,1 Penny - George V (smaller portrait),United Kingdom,VF
N# 669,1,1938,1938,1 Penny - George VI (with 'IND:IMP'),United Kingdom,VF
N# 669,1,1940,1940,1 Penny - George VI (with 'IND:IMP'),United Kingdom,VF
N# 669,1,1945,1945,1 Penny - George VI (with 'IND:IMP'),United Kingdom,XF
N# 669,1,1945,1945,1 Penny - George VI (with 'IND:IMP'),United Kingdom,VF
N# 669,1,1948,1948,1 Penny - George VI (with 'IND:IMP'),United Kingdom,F
N# 669,2,1948,1948,1 Penny - George VI (with 'IND:IMP'),United Kingdom,F
N# 7604,1,1949,1949,1 Penny - George VI (without 'IND:IMP'),United Kingdom,AU
N# 6347,1,1953,1953,1 Penny - Elizabeth II (1st portrait; with 'BRITT:OMN'),United Kingdom,XF
N# 858,1,1963,1963,1 Penny - Elizabeth II (1st portrait; without 'BRITT:OMN'),United Kingdom,VF
N# 858,1,1964,1964,1 Penny - Elizabeth II (1st portrait; without 'BRITT:OMN'),United Kingdom,XF
N# 858,1,1965,1965,1 Penny - Elizabeth II (1st portrait; without 'BRITT:OMN'),United Kingdom,XF
N# 858,1,1967,1967,1 Penny - Elizabeth II (1st portrait; without 'BRITT:OMN'),United Kingdom,AU
N# 858,1,1967,1967,1 Penny - Elizabeth II (1st portrait; without 'BRITT:OMN'),United Kingdom,VF
N# 1287,1,1797,1797,2 Pence - George III (2nd issue; 'Cartwheel'),United Kingdom,G
N# 21182,1,1911,1911,3 Pence - George V (1st issue; incl. Maundy),United Kingdom,VF
N# 21182,1,1916,1916,3 Pence - George V (1st issue; incl. Maundy),United Kingdom,VF
N# 21182,1,1919,1919,3 Pence - George V (1st issue; incl. Maundy),United Kingdom,VF
N# 2788,1,1922,1922,3 Pence - George V (2nd issue; incl. Maundy),United Kingdom,F
N# 5650,1,1931,1931,3 Pence - George V (4th issue),United Kingdom,F
N# 5650,1,1932,1932,3 Pence - George V (4th issue),United Kingdom,VF
N# 5650,1,1934,1934,3 Pence - George V (4th issue),United Kingdom,VF
N# 2840,1,1941,1941,3 Pence - George VI (incl. Colonial),United Kingdom,VF
N# 1020,1,1937,1937,3 Pence - George VI (with 'IND:IMP'),United Kingdom,XF
N# 1020,1,1940,1940,3 Pence - George VI (with 'IND:IMP'),United Kingdom,VF
N# 1020,1,1943,1943,3 Pence - George VI (with 'IND:IMP'),United Kingdom,VF
N# 1020,1,1944,1944,3 Pence - George VI (with 'IND:IMP'),United Kingdom,XF
N# 1020,1,1944,1944,3 Pence - George VI (with 'IND:IMP'),United Kingdom,
N# 6979,1,1952,1952,3 Pence - George VI (without 'IND:IMP'),United Kingdom,F
N# 6965,1,1953,1953,3 Pence - Elizabeth II (1st portrait; with 'BRITT:OMN'),United Kingdom,VF
N# 71,1,1960,1960,3 Pence - Elizabeth II (1st portrait; without 'BRITT:OMN'),United Kingdom,XF
N# 71,1,1966,1966,3 Pence - Elizabeth II (1st portrait; without 'BRITT:OMN'),United Kingdom,VF
N# 4211,1,1907,1907,6 Pence - Edward VII,United Kingdom,VF
N# 21938,1,1924,1924,6 Pence - George V (2nd coinage),United Kingdom,XF
N# 575,1,1928,1928,6 Pence - George V (4th coinage),United Kingdom,VF
N# 4003,1,1948,1948,6 Pence - George VI (2nd coinage),United Kingdom,XF
N# 4003,1,1948,1948,6 Pence - George VI (2nd coinage),United Kingdom,VF
N# 877,1,1949,1949,6 Pence - George VI (3rd coinage),United Kingdom,XF
N# 576,1,1954,1954,6 Pence - Elizabeth II (1st portrait; without 'BRITT:OMN'),United Kingdom,XF
N# 576,1,1954,1954,6 Pence - Elizabeth II (1st portrait; without 'BRITT:OMN'),United Kingdom,
N# 576,1,1958,1958,6 Pence - Elizabeth II (1st portrait; without 'BRITT:OMN'),United Kingdom,VF
N# 576,1,1960,1960,6 Pence - Elizabeth II (1st portrait; without 'BRITT:OMN'),United Kingdom,
N# 576,1,1961,1961,6 Pence - Elizabeth II (1st portrait; without 'BRITT:OMN'),United Kingdom,XF
N# 576,1,1963,1963,6 Pence - Elizabeth II (1st portrait; without 'BRITT:OMN'),United Kingdom,VF
N# 576,1,1965,1965,6 Pence - Elizabeth II (1st portrait; without 'BRITT:OMN'),United Kingdom,XF
N# 576,1,1965,1965,6 Pence - Elizabeth II (1st portrait; without 'BRITT:OMN'),United Kingdom,XF
N# 576,1,1965,1965,6 Pence - Elizabeth II (1st portrait; without 'BRITT:OMN'),United Kingdom,XF
N# 576,1,1967,1967,6 Pence - Elizabeth II (1st portrait; without 'BRITT:OMN'),United Kingdom,XF
N# 4416,1,1927,1927,1 Shilling - George V (4th type),United Kingdom,XF
N# 2346,2,1948,1948,1 Shilling - George VI (English crest; with 'IND:IMP'),United Kingdom,XF
N# 1112,1,1947,1947,1 Shilling - George VI (Scottish crest; with 'IND:IMP'),United Kingdom,VF
N# 1112,2,1948,1948,1 Shilling - George VI (Scottish crest; with 'IND:IMP'),United Kingdom,XF
N# 3335,1,1950,1950,1 Shilling - George VI (Scottish crest; without 'IND:IMP'),United Kingdom,XF
N# 3335,1,1951,1951,1 Shilling - George VI (Scottish crest; without 'IND:IMP'),United Kingdom,XF
N# 3334,1,1949,1949,1 Shilling - George VI (English crest; without 'IND:IMP'),United Kingdom,XF
N# 3334,1,1951,1951,1 Shilling - George VI (English crest; without 'IND:IMP'),United Kingdom,XF
N# 3334,1,1951,1951,1 Shilling - George VI (English crest; without 'IND:IMP'),United Kingdom,XF
N# 7183,1,1953,1953,1 Shilling - Elizabeth II (English shield; with 'BRITT:OMN'),United Kingdom,XF
N# 882,1,1954,1954,1 Shilling - Elizabeth II (English shield; without 'BRITT:OMN'),United Kingdom,VF
N# 882,1,1959,1959,1 Shilling - Elizabeth II (English shield; without 'BRITT:OMN'),United Kingdom,XF
N# 882,1,1960,1960,1 Shilling - Elizabeth II (English shield; without 'BRITT:OMN'),United Kingdom,VF
N# 882,1,1963,1963,1 Shilling - Elizabeth II (English shield; without 'BRITT:OMN'),United Kingdom,AU
N# 882,1,1963,1963,1 Shilling - Elizabeth II (English shield; without 'BRITT:OMN'),United Kingdom,XF
N# 882,1,1966,1966,1 Shilling - Elizabeth II (English shield; without 'BRITT:OMN'),United Kingdom,VF
N# 919,1,1958,1958,1 Shilling - Elizabeth II (Scottish shield; without 'BRITT:OMN'),United Kingdom,XF
N# 919,1,1960,1960,1 Shilling - Elizabeth II (Scottish shield; without 'BRITT:OMN'),United Kingdom,XF
N# 919,1,1962,1962,1 Shilling - Elizabeth II (Scottish shield; without 'BRITT:OMN'),United Kingdom,XF
N# 883,1,1947,1947,2 Shillings - George VI (with 'IND:IMP'),United Kingdom,VF
N# 883,1,1948,1948,2 Shillings - George VI (with 'IND:IMP'),United Kingdom,VF
N# 884,1,1950,1950,2 Shillings - George VI (without 'IND:IMP'),United Kingdom,XF
N# 6981,1,1953,1953,2 Shillings - Elizabeth II (1st portrait; with 'BRITT:OMN'),United Kingdom,VF
N# 6981,1,1953,1953,2 Shillings - Elizabeth II (1st portrait; with 'BRITT:OMN'),United Kingdom,F
N# 885,1,1954,1954,2 Shillings - Elizabeth II (1st portrait; without 'BRITT:OMN'),United Kingdom,
N# 885,1,1956,1956,2 Shillings - Elizabeth II (1st portrait; without 'BRITT:OMN'),United Kingdom,VF
N# 885,1,1962,1962,2 Shillings - Elizabeth II (1st portrait; without 'BRITT:OMN'),United Kingdom,XF
N# 885,1,1965,1965,2 Shillings - Elizabeth II (1st portrait; without 'BRITT:OMN'),United Kingdom,AU
N# 885,1,1966,1966,2 Shillings - Elizabeth II (1st portrait; without 'BRITT:OMN'),United Kingdom,
N# 1295,1,1947,1947,½ Crown - George VI (2nd type),United Kingdom,AU
N# 1295,1,1948,1948,½ Crown - George VI (2nd type),United Kingdom,VF
N# 1296,1,1949,1949,½ Crown - George VI (3rd type; no 'IND:IMP'),United Kingdom,XF
N# 9538,1,1953,1953,½ Crown - Elizabeth II (1st portrait; with 'BRITT:OMN'),United Kingdom,VF
N# 1069,1,1958,1958,½ Crown - Elizabeth II (1st portrait; without 'BRITT:OMN'),United Kingdom,AU
N# 1069,1,1960,1960,½ Crown - Elizabeth II (1st portrait; without 'BRITT:OMN'),United Kingdom,AU
N# 1069,1,1960,1960,½ Crown - Elizabeth II (1st portrait; without 'BRITT:OMN'),United Kingdom,VF
N# 1069,1,1962,1962,½ Crown - Elizabeth II (1st portrait; without 'BRITT:OMN'),United Kingdom,XF
N# 1069,1,1965,1965,½ Crown - Elizabeth II (1st portrait; without 'BRITT:OMN'),United Kingdom,AU
N# 1069,1,1967,1967,½ Crown - Elizabeth II (1st portrait; without 'BRITT:OMN'),United Kingdom,XF
N# 10641,1,1951,1951,5 Shillings - George VI (Festival of Britain),United Kingdom,AU
N# 5749,2,1953,1953,5 Shillings - Elizabeth II (Coronation),United Kingdom,AU
N# 6898,1,1965,1965,1 Crown - Elizabeth II (Churchill),United Kingdom,AU
N# 6898,1,1965,1965,1 Crown - Elizabeth II (Churchill),United Kingdom,XF
N# 856,1,1971,1971,½ New Penny - Elizabeth II (2nd portrait),United Kingdom,XF
N# 856,1,1971,1971,½ New Penny - Elizabeth II (2nd portrait),United Kingdom,VF
N# 856,1,1974,1974,½ New Penny - Elizabeth II (2nd portrait),United Kingdom,XF
N# 856,1,1975,1975,½ New Penny - Elizabeth II (2nd portrait),United Kingdom,XF
N# 856,1,1976,1976,½ New Penny - Elizabeth II (2nd portrait),United Kingdom,XF
N# 856,1,1977,1977,½ New Penny - Elizabeth II (2nd portrait),United Kingdom,XF
N# 856,1,1978,1978,½ New Penny - Elizabeth II (2nd portrait),United Kingdom,VF
N# 856,1,1979,1979,½ New Penny - Elizabeth II (2nd portrait),United Kingdom,XF
N# 856,1,1980,1980,½ New Penny - Elizabeth II (2nd portrait),United Kingdom,XF
N# 856,1,1980,1980,½ New Penny - Elizabeth II (2nd portrait),United Kingdom,VF
N# 6899,1,1982,1982,½ Penny - Elizabeth II (2nd portrait),United Kingdom,AU
N# 6899,1,1982,1982,½ Penny - Elizabeth II (2nd portrait),United Kingdom,AU
N# 665,1,1971,1971,1 New Penny - Elizabeth II (2nd portrait),United Kingdom,XF
N# 665,1,1971,1971,1 New Penny - Elizabeth II (2nd portrait),United Kingdom,XF
N# 665,1,1971,1971,1 New Penny - Elizabeth II (2nd portrait),United Kingdom,
N# 665,1,1974,1974,1 New Penny - Elizabeth II (2nd portrait),United Kingdom,VF
N# 665,1,1976,1976,1 New Penny - Elizabeth II (2nd portrait),United Kingdom,XF
N# 665,1,1977,1977,1 New Penny - Elizabeth II (2nd portrait),United Kingdom,XF
N# 665,1,1977,1977,1 New Penny - Elizabeth II (2nd portrait),United Kingdom,
N# 665,1,1978,1978,1 New Penny - Elizabeth II (2nd portrait),United Kingdom,
N# 665,1,1980,1980,1 New Penny - Elizabeth II (2nd portrait),United Kingdom,VF
N# 665,1,1981,1981,1 New Penny - Elizabeth II (2nd portrait),United Kingdom,XF
N# 859,1,1982,1982,1 Penny - Elizabeth II (2nd portrait),United Kingdom,XF
N# 861,1,1986,1986,1 Penny - Elizabeth II (3rd portrait; non-magnetic),United Kingdom,XF
N# 861,1,1988,1988,1 Penny - Elizabeth II (3rd portrait; non-magnetic),United Kingdom,XF
N# 861,1,1989,1989,1 Penny - Elizabeth II (3rd portrait; non-magnetic),United Kingdom,VF
N# 861,1,1990,1990,1 Penny - Elizabeth II (3rd portrait; non-magnetic),United Kingdom,VF
N# 860,1,1992,1992,1 Penny - Elizabeth II (3rd portrait; magnetic),United Kingdom,XF
N# 860,1,1993,1993,1 Penny - Elizabeth II (3rd portrait; magnetic),United Kingdom,VF
N# 860,2,1996,1996,1 Penny - Elizabeth II (3rd portrait; magnetic),United Kingdom,
N# 862,1,1998,1998,1 Penny - Elizabeth II (4th portrait; magnetic),United Kingdom,XF
N# 862,1,1999,1999,1 Penny - Elizabeth II (4th portrait; magnetic),United Kingdom,VF
N# 862,1,2000,2000,1 Penny - Elizabeth II (4th portrait; magnetic),United Kingdom,XF
N# 862,1,2000,2000,1 Penny - Elizabeth II (4th portrait; magnetic),United Kingdom,
N# 862,1,2001,2001,1 Penny - Elizabeth II (4th portrait; magnetic),United Kingdom,XF
N# 862,1,2001,2001,1 Penny - Elizabeth II (4th portrait; magnetic),United Kingdom,
N# 862,1,2003,2003,1 Penny - Elizabeth II (4th portrait; magnetic),United Kingdom,
N# 862,2,2004,2004,1 Penny - Elizabeth II (4th portrait; magnetic),United Kingdom,AU
N# 862,1,2005,2005,1 Penny - Elizabeth II (4th portrait; magnetic),United Kingdom,
N# 4038,1,2008,2008,1 Penny - Elizabeth II (4th portrait; Royal Shield),United Kingdom,AU
N# 4038,1,2014,2014,1 Penny - Elizabeth II (4th portrait; Royal Shield),United Kingdom,
N# 381560,1,2026,2026,1 Penny - Charles III (Hazel Dormouse),United Kingdom,UNC
N# 664,1,1975,1975,2 New Pence - Elizabeth II (2nd portrait),United Kingdom,AU
N# 664,1,1980,1980,2 New Pence - Elizabeth II (2nd portrait),United Kingdom,XF
N# 664,1,1981,1981,2 New Pence - Elizabeth II (2nd portrait),United Kingdom,XF
N# 867,1,1988,1988,2 Pence - Elizabeth II (3rd portrait; non-magnetic),United Kingdom,XF
N# 867,1,1990,1990,2 Pence - Elizabeth II (3rd portrait; non-magnetic),United Kingdom,
N# 868,1,1994,1994,2 Pence - Elizabeth II (3rd portrait; magnetic),United Kingdom,AU
N# 7398,1,1999,1999,2 Pence - Elizabeth II (4th portrait; magnetic),United Kingdom,AU
N# 7398,1,2000,2000,2 Pence - Elizabeth II (4th portrait; magnetic),United Kingdom,XF
N# 7398,1,2003,2003,2 Pence - Elizabeth II (4th portrait; magnetic),United Kingdom,AU
N# 7398,1,2006,2006,2 Pence - Elizabeth II (4th portrait; magnetic),United Kingdom,AU
N# 4039,1,2008,2008,2 Pence - Elizabeth II (4th portrait; Royal Shield),United Kingdom,AU
N# 4039,1,2014,2014,2 Pence - Elizabeth II (4th portrait; Royal Shield),United Kingdom,
N# 381562,1,2026,2026,2 Pence - Charles III (Red Squirrel),United Kingdom,UNC
N# 873,1,1970,1970,5 New Pence - Elizabeth II (2nd portrait),United Kingdom,AU
N# 873,1,1980,1980,5 New Pence - Elizabeth II (2nd portrait),United Kingdom,AU
N# 873,1,1980,1980,5 New Pence - Elizabeth II (2nd portrait),United Kingdom,AU
N# 874,2,1985,1985,5 Pence - Elizabeth II (3rd portrait; large type),United Kingdom,AU
N# 875,1,1990,1990,5 Pence - Elizabeth II (3rd portrait; small type),United Kingdom,XF
N# 875,1,1990,1990,5 Pence - Elizabeth II (3rd portrait; small type),United Kingdom,
N# 875,1,1991,1991,5 Pence - Elizabeth II (3rd portrait; small type),United Kingdom,XF
N# 875,1,1992,1992,5 Pence - Elizabeth II (3rd portrait; small type),United Kingdom,
N# 876,1,2003,2003,5 Pence - Elizabeth II (4th portrait; Crowned Thistle),United Kingdom,
N# 876,1,2005,2005,5 Pence - Elizabeth II (4th portrait; Crowned Thistle),United Kingdom,VF
N# 876,1,2007,2007,5 Pence - Elizabeth II (4th portrait; Crowned Thistle),United Kingdom,AU
N# 6612,1,2008,2008,"5 Pence - Elizabeth II (4th portrait; Royal Shield, non-magnetic)",United Kingdom,AU
N# 25766,1,2012,2012,"5 Pence - Elizabeth II (4th portrait; Royal Shield, magnetic)",United Kingdom,AU
N# 25766,1,2012,2012,"5 Pence - Elizabeth II (4th portrait; Royal Shield, magnetic)",United Kingdom,AU
N# 25766,1,2013,2013,"5 Pence - Elizabeth II (4th portrait; Royal Shield, magnetic)",United Kingdom,
N# 70547,1,2015,2015,5 Pence - Elizabeth II (5th portrait; Royal Shield),United Kingdom,AU
N# 381563,1,2026,2026,5 Pence - Charles III (Oak Sprig),United Kingdom,UNC
N# 878,1,1969,1969,10 New Pence - Elizabeth II (2nd portrait),United Kingdom,XF
N# 878,1,1975,1975,10 New Pence - Elizabeth II (2nd portrait),United Kingdom,AU
N# 878,1,1976,1976,10 New Pence - Elizabeth II (2nd portrait),United Kingdom,AU
N# 878,1,1977,1977,10 New Pence - Elizabeth II (2nd portrait),United Kingdom,AU
N# 878,1,1980,1980,10 New Pence - Elizabeth II (2nd portrait),United Kingdom,AU
N# 879,1,1996,1996,10 Pence - Elizabeth II (3rd portrait; small type),United Kingdom,XF
N# 2236,1,2001,2001,10 Pence - Elizabeth II (4th portrait; Crowned Lion),United Kingdom,AU
N# 7350,1,2008,2008,"10 Pence - Elizabeth II (4th portrait; Royal Shield, non-magnetic)",United Kingdom,AU
N# 25746,1,2015,2015,"10 Pence - Elizabeth II (4th portrait; Royal Shield, magnetic)",United Kingdom,XF
N# 381565,1,2026,2026,10 Pence - Charles III (Capercaillie),United Kingdom,UNC
N# 865,2,1982,1982,20 Pence - Elizabeth II (2nd portrait),United Kingdom,XF
N# 865,1,1984,1984,20 Pence - Elizabeth II (2nd portrait),United Kingdom,XF
N# 1376,2,1995,1995,20 Pence - Elizabeth II (3rd portrait),United Kingdom,XF
N# 573,1,2000,2000,20 Pence - Elizabeth II (4th portrait; Tudor Rose),United Kingdom,XF
N# 5628,1,2008,2008,20 Pence - Elizabeth II (4th portrait; Royal Shield),United Kingdom,AU
N# 5628,1,2010,2010,20 Pence - Elizabeth II (4th portrait; Royal Shield),United Kingdom,
N# 70551,1,2016,2016,20 Pence - Elizabeth II (5th portrait; Royal Shield),United Kingdom,AU
N# 381566,1,2026,2026,20 Pence - Charles III (Puffin),United Kingdom,UNC
N# 5982,1,1972,1972,25 New Pence - Elizabeth II (Silver Wedding),United Kingdom,AU
N# 5982,1,1972,1972,25 New Pence - Elizabeth II (Silver Wedding),United Kingdom,AU
N# 5488,1,1977,1977,25 New Pence - Elizabeth II (Silver Jubilee),United Kingdom,AU
N# 5488,1,1977,1977,25 New Pence - Elizabeth II (Silver Jubilee),United Kingdom,XF
N# 5981,1,1980,1980,25 New Pence - Elizabeth II (Queen Mother),United Kingdom,AU
N# 3076,1,1981,1981,25 New Pence - Elizabeth II (Royal Wedding),United Kingdom,AU
N# 3076,1,1981,1981,25 New Pence - Elizabeth II (Royal Wedding),United Kingdom,AU
N# 880,1,1970,1970,50 New Pence - Elizabeth II (2nd portrait),United Kingdom,VF
N# 880,1,1977,1977,50 New Pence - Elizabeth II (2nd portrait),United Kingdom,XF
N# 880,1,1978,1978,50 New Pence - Elizabeth II (2nd portrait),United Kingdom,AU
N# 1382,1,1973,1973,50 Pence - Elizabeth II (2nd portrait; Entry into EEC),United Kingdom,AU
N# 1382,1,1973,1973,50 Pence - Elizabeth II (2nd portrait; Entry into EEC),United Kingdom,XF
N# 4226,1,1982,1982,50 Pence - Elizabeth II (2nd portrait),United Kingdom,XF
N# 4226,1,1983,1983,50 Pence - Elizabeth II (2nd portrait),United Kingdom,XF
N# 866,1,1985,1985,50 Pence - Elizabeth II (3rd portrait; large type),United Kingdom,F
N# 4409,1,1994,1994,50 Pence - Elizabeth II (3rd portrait; D-Day Anniversary),United Kingdom,AU
N# 20700,2,1997,1997,50 Pence - Elizabeth II (3rd portrait; small type),United Kingdom,XF
N# 864,1,1998,1998,50 Pence - Elizabeth II (4th portrait; Britannia),United Kingdom,XF
N# 5629,2,2008,2008,50 Pence - Elizabeth II (4th portrait; Royal Shield),United Kingdom,AU
N# 27054,1,2011,2011,50 Pence - Elizabeth II (4th portrait; WWF),United Kingdom,XF
N# 381569,1,2026,2026,50 Pence - Charles III (Atlantic Salmon),United Kingdom,UNC
N# 1389,1,1983,1983,1 Pound - Elizabeth II (2nd portrait; Royal Arms),United Kingdom,XF
N# 863,1,1985,1985,1 Pound - Elizabeth II (3rd portrait; Welsh Leek),United Kingdom,XF
N# 1395,1,2001,2001,1 Pound - Elizabeth II (4th portrait; Celtic Cross),United Kingdom,VF
N# 5630,1,2012,2012,1 Pound - Elizabeth II (4th portrait; Royal Shield),United Kingdom,AU
N# 100658,1,2017,2017,1 Pound - Elizabeth II (5th portrait; Nations of the Crown),United Kingdom,XF
N# 100658,1,2017,2017,1 Pound - Elizabeth II (5th portrait; Nations of the Crown),United Kingdom,
N# 381571,1,2026,2026,1 Pound - Charles III (Honey Bees),United Kingdom,UNC
N# 1324,1,2000,2000,2 Pounds - Elizabeth II (4th portrait; Technology),United Kingdom,AU
N# 10596,1,1999,1999,2 Pounds - Elizabeth II (4th portrait; Rugby World Cup),United Kingdom,XF
N# 381573,1,2026,2026,2 Pounds - Charles III (English Rose),United Kingdom,UNC
N# 13622,1,1997,1997,5 Pounds - Elizabeth II (Golden Wedding),United Kingdom,UNC
N# 226269,1,1902,1902,Medalet - Edward VII and Alexandra (Coronation; Barratt and Co.),United Kingdom,F
N# 31163,1,1990,1990,Medalet - FIFA World Cup 1990 (Belgium),United Kingdom,
N# 79473,1,1998,1998,Medalet - Sainsbury's Official England Squad 1998 (David Beckham),United Kingdom,
N# 98273,1,2004,2004,Medalet - Official England Squad 2004 (David James),United Kingdom,
N# 2356,1,1876,1876,"1 Cent ""Indian Head Cent""",United States,VF
N# 2356,1,1901,1901,"1 Cent ""Indian Head Cent""",United States,VF
N# 2356,1,1905,1905,"1 Cent ""Indian Head Cent""",United States,VF
N# 908,1,1942,1942,"1 Cent ""Lincoln - Wheat Ears Reverse""",United States,VF
N# 908,1,1952,1952,"1 Cent ""Lincoln - Wheat Ears Reverse""",United States,
N# 908,1,1958,1958,"1 Cent ""Lincoln - Wheat Ears Reverse""",United States,
N# 42,1,1964,1964,"1 Cent ""Lincoln Memorial Cent"" (Bronze)",United States,
N# 42,1,1966,1966,"1 Cent ""Lincoln Memorial Cent"" (Bronze)",United States,VF
N# 42,1,1969,1969,"1 Cent ""Lincoln Memorial Cent"" (Bronze)",United States,VF
N# 42,1,1975,1975,"1 Cent ""Lincoln Memorial Cent"" (Bronze)",United States,
N# 42,1,1976,1976,"1 Cent ""Lincoln Memorial Cent"" (Bronze)",United States,XF
N# 42,1,1980,1980,"1 Cent ""Lincoln Memorial Cent"" (Bronze)",United States,
N# 42,1,1980,1980,"1 Cent ""Lincoln Memorial Cent"" (Bronze)",United States,VF
N# 42,1,1982,1982,"1 Cent ""Lincoln Memorial Cent"" (Bronze)",United States,AU
N# 42,1,1982,1982,"1 Cent ""Lincoln Memorial Cent"" (Bronze)",United States,XF
N# 43,1,1986,1986,"1 Cent ""Lincoln Memorial Cent"" (copper plated zinc)",United States,F
N# 43,1,1989,1989,"1 Cent ""Lincoln Memorial Cent"" (copper plated zinc)",United States,
N# 43,1,2002,2002,"1 Cent ""Lincoln Memorial Cent"" (copper plated zinc)",United States,XF
N# 43,1,2003,2003,"1 Cent ""Lincoln Memorial Cent"" (copper plated zinc)",United States,
N# 6731,1,2009,2009,"1 Cent ""Lincoln Cent"" (Birth and Early Childhood)",United States,AU
N# 7214,1,2009,2009,"1 Cent ""Lincoln Cent"" (Formative Years)",United States,AU
N# 7579,1,2009,2009,"1 Cent ""Lincoln Cent"" (Professional Life)",United States,AU
N# 7580,1,2009,2009,"1 Cent ""Lincoln Cent"" (Presidency)",United States,AU
N# 10969,1,2011,2011,"1 Cent ""Lincoln Cent - Shield Reverse""",United States,AU
N# 10969,1,2012,2012,"1 Cent ""Lincoln Cent - Shield Reverse""",United States,
N# 10969,1,2014,2014,"1 Cent ""Lincoln Cent - Shield Reverse""",United States,
N# 10969,1,2015,2015,"1 Cent ""Lincoln Cent - Shield Reverse""",United States,AU
N# 10969,1,2015,2015,"1 Cent ""Lincoln Cent - Shield Reverse""",United States,
N# 10969,1,2016,2016,"1 Cent ""Lincoln Cent - Shield Reverse""",United States,AU
N# 10969,1,2016,2016,"1 Cent ""Lincoln Cent - Shield Reverse""",United States,
N# 10969,1,2018,2018,"1 Cent ""Lincoln Cent - Shield Reverse""",United States,
N# 1109,1,1937,1937,"5 Cents ""Buffalo Nickel"" (flat ground)",United States,F
N# 44,1,1971,1971,"5 Cents ""Jefferson Nickel"" (1st portrait)",United States,VF
N# 44,1,1980,1980,"5 Cents ""Jefferson Nickel"" (1st portrait)",United States,VF
N# 44,1,1987,1987,"5 Cents ""Jefferson Nickel"" (1st portrait)",United States,VF
N# 44,2,1988,1988,"5 Cents ""Jefferson Nickel"" (1st portrait)",United States,
N# 44,1,2002,2002,"5 Cents ""Jefferson Nickel"" (1st portrait)",United States,XF
N# 50,1,2006,2006,"5 Cents ""Jefferson Nickel"" (2nd portrait, Return to Monticello)",United States,XF
N# 50,1,2013,2013,"5 Cents ""Jefferson Nickel"" (2nd portrait, Return to Monticello)",United States,
N# 50,1,2014,2014,"5 Cents ""Jefferson Nickel"" (2nd portrait, Return to Monticello)",United States,
N# 50,1,2018,2018,"5 Cents ""Jefferson Nickel"" (2nd portrait, Return to Monticello)",United States,AU
N# 53,1,1965,1965,"1 Dime ""Roosevelt Dime""",United States,
N# 53,1,1966,1966,"1 Dime ""Roosevelt Dime""",United States,XF
N# 53,1,1966,1966,"1 Dime ""Roosevelt Dime""",United States,XF
N# 53,1,1967,1967,"1 Dime ""Roosevelt Dime""",United States,VF
N# 53,1,1967,1967,"1 Dime ""Roosevelt Dime""",United States,VF
N# 53,1,1970,1970,"1 Dime ""Roosevelt Dime""",United States,VF
N# 53,1,1979,1979,"1 Dime ""Roosevelt Dime""",United States,
N# 53,1,1982,1982,"1 Dime ""Roosevelt Dime""",United States,XF
N# 53,1,2001,2001,"1 Dime ""Roosevelt Dime""",United States,
N# 53,1,2007,2007,"1 Dime ""Roosevelt Dime""",United States,
N# 53,1,2014,2014,"1 Dime ""Roosevelt Dime""",United States,
N# 53,3,2016,2016,"1 Dime ""Roosevelt Dime""",United States,AU
N# 53,1,2023,2023,"1 Dime ""Roosevelt Dime""",United States,AU
N# 3573,1,,,"¼ Dollar ""Standing Liberty Quarter"" (Stars Below Eagle)",United States,G
N# 55,1,1965,1965,"¼ Dollar ""Washington Quarter""",United States,VF
N# 55,1,1969,1969,"¼ Dollar ""Washington Quarter""",United States,VF
N# 55,1,1970,1970,"¼ Dollar ""Washington Quarter""",United States,VF
N# 55,1,1974,1974,"¼ Dollar ""Washington Quarter""",United States,VF
N# 55,1,1980,1980,"¼ Dollar ""Washington Quarter""",United States,
N# 55,1,1984,1984,"¼ Dollar ""Washington Quarter""",United States,
N# 55,1,1986,1986,"¼ Dollar ""Washington Quarter""",United States,VF
N# 55,1,1991,1991,"¼ Dollar ""Washington Quarter""",United States,
N# 55,1,1995,1995,"¼ Dollar ""Washington Quarter""",United States,
N# 55,1,1995,1995,"¼ Dollar ""Washington Quarter""",United States,
N# 56,1,1976,1976,"¼ Dollar ""Washington Quarter"" (Bicentennial)",United States,VF
N# 605,1,1999,1999,"¼ Dollar ""Washington Quarter"" (Pennsylvania)",United States,AU
N# 608,1,1999,1999,"¼ Dollar ""Washington Quarter"" (Connecticut)",United States,XF
N# 612,1,2000,2000,"¼ Dollar ""Washington Quarter"" (New Hampshire)",United States,AU
N# 639,1,2006,2006,"¼ Dollar ""Washington Quarter"" (Nevada)",United States,AU
N# 641,1,2006,2006,"¼ Dollar ""Washington Quarter"" (Colorado)",United States,AU
N# 642,1,2006,2006,"¼ Dollar ""Washington Quarter"" (North Dakota)",United States,AU
N# 651,1,2008,2008,"¼ Dollar ""Washington Quarter"" (Arizona)",United States,AU
N# 652,1,2008,2008,"¼ Dollar ""Washington Quarter"" (Alaska)",United States,AU
N# 32172,1,2012,2012,"¼ Dollar ""Washington Quarter"" (Chaco Culture National Historical Park, New Mexico)",United States,XF
N# 43522,1,2013,2013,"¼ Dollar ""Washington Quarter"" (Fort McHenry, Maryland)",United States,XF
N# 58944,1,2014,2014,"¼ Dollar ""Washington Quarter"" (Arches National Park, Utah)",United States,XF
N# 83837,1,2016,2016,"¼ Dollar ""Washington Quarter"" (Fort Moultrie at Fort Sumter National Monument, South Carolina)",United States,AU
N# 99700,1,2017,2017,"¼ Dollar ""Washington Quarter"" (George Rogers Clark National Historical Park, Indiana)",United States,AU
N# 189633,1,2020,2020,"¼ Dollar ""Washington Quarter"" (Salt River Bay National Historical Park and Ecological Preserve, U.S. Virgin Islands)",United States,VF
N# 189633,1,2020,2020,"¼ Dollar ""Washington Quarter"" (Salt River Bay National Historical Park and Ecological Preserve, U.S. Virgin Islands)",United States,AU
N# 189639,1,2020,2020,"¼ Dollar ""Washington Quarter"" (Tallgrass Prairie National Preserve, Kansas)",United States,XF
N# 314278,1,2022,2022,"¼ Dollar ""Washington Quarter"" (Maya Angelou)",United States,AU
N# 314287,1,2022,2022,"¼ Dollar ""Washington Quarter"" (Nina Otero-Warren)",United States,AU
N# 10865,1,1968,1968,"½ Dollar ""Kennedy Half Dollar"" (40% Silver)",United States,XF
N# 6918,1,1974,1974,"½ Dollar ""Kennedy Half Dollar""",United States,XF
N# 6918,1,1984,1984,"½ Dollar ""Kennedy Half Dollar""",United States,XF
N# 6918,1,1990,1990,"½ Dollar ""Kennedy Half Dollar""",United States,XF
N# 1346,1,1971,1971,"1 Dollar ""Eisenhower Dollar""",United States,XF
N# 3366,1,1976,1976,"1 Dollar ""Eisenhower Dollar"" (Bicentennial)",United States,XF
N# 3548,1,1979,1979,"1 Dollar ""Susan B. Anthony Dollar""",United States,XF
N# 923,1,2000,2000,"1 Dollar ""Sacagawea Dollar""",United States,AU
N# 923,1,2000,2000,"1 Dollar ""Sacagawea Dollar""",United States,VF
N# 16546,1,2010,2010,1 Dollar (Abraham Lincoln),United States,AU
N# 201805,1,1993,1993,1 Dollar (Federal Reserve Note),United States,
N# 201805,1,1995,1995,1 Dollar (Federal Reserve Note),United States,
N# 201805,1,1999,1999,1 Dollar (Federal Reserve Note),United States,
N# 201805,1,2003,2003,1 Dollar (Federal Reserve Note),United States,
N# 201805,1,2003,2003,1 Dollar (Federal Reserve Note),United States,
N# 201805,1,2013,2013,1 Dollar (Federal Reserve Note),United States,
N# 201805,1,2013,2013,1 Dollar (Federal Reserve Note),United States,
N# 201805,1,2013,2013,1 Dollar (Federal Reserve Note),United States,
N# 201805,1,2013,2013,1 Dollar (Federal Reserve Note),United States,
N# 202397,1,1999,1999,5 Dollars (Federal Reserve Note; large portrait),United States,
N# 201558,1,2013,2013,5 Dollars (Federal Reserve Note; colored),United States,
N# 38430,1,,1995-2003,1 Fare - New York City Transit Authority (magnetic),United States,
N# 4365,1,1936,1936,1 Centésimo,Uruguay,AU
N# 4372,1,1947,1947,2 Centésimos,Uruguay,XF
N# 4372,1,1951,1951,2 Centésimos,Uruguay,VF
N# 4633,1,1953,1953,2 Centésimos,Uruguay,AU
N# 10342,1,1960,1960,2 Centésimos,Uruguay,XF
N# 4363,1,,,5 Centésimos,Uruguay,G
N# 5748,1,1953,1953,5 Centésimos,Uruguay,XF
N# 5748,1,1953,1953,5 Centésimos,Uruguay,VF
N# 8115,1,1960,1960,5 Centésimos,Uruguay,XF
N# 3782,1,1953,1953,10 Centésimos,Uruguay,XF
N# 5286,1,1960,1960,10 Centésimos,Uruguay,XF
N# 5287,1,1960,1960,25 Centésimos,Uruguay,XF
N# 1095,1,1960,1960,50 Centésimos,Uruguay,XF
N# 5289,1,1965,1965,1 Peso,Uruguay,XF
N# 4265,1,1965,1965,5 Pesos,Uruguay,XF
N# 5290,1,1968,1968,5 Pesos,Uruguay,XF
N# 5290,1,1968,1968,5 Pesos,Uruguay,XF
N# 980,1,1968,1968,10 Pesos,Uruguay,VF
N# 5294,1,1970,1970,20 Pesos,Uruguay,XF
N# 2669,1,1976,1976,10 Centésimos,Uruguay,XF
N# 5297,1,1978,1978,20 Centésimos,Uruguay,XF
N# 2637,1,1981,1981,50 Centésimos,Uruguay,AU
N# 3476,1,1981,1981,2 Nuevos Pesos (FAO),Uruguay,AU
N# 3630,1,1981,1981,10 Nuevos Pesos,Uruguay,XF
N# 7550,1,1989,1989,100 Nuevos Pesos,Uruguay,AU
N# 3055,1,1994,1994,50 Centésimos,Uruguay,AU
N# 1096,1,2007,2007,1 Peso Uruguayo,Uruguay,XF
N# 19103,1,2012,2012,1 Peso Uruguayo (Mulita),Uruguay,XF
N# 19103,1,2012,2012,1 Peso Uruguayo (Mulita),Uruguay,XF
N# 3056,1,1998,1998,2 Pesos Uruguayos,Uruguay,XF
N# 19104,1,2012,2012,2 Pesos Uruguayos (Carpincho),Uruguay,AU
N# 19104,1,2012,2012,2 Pesos Uruguayos (Carpincho),Uruguay,F
N# 3057,1,2005,2005,5 Pesos Uruguayos,Uruguay,XF
N# 3057,1,2008,2008,5 Pesos Uruguayos,Uruguay,XF
N# 22259,1,2011,2011,5 Pesos Uruguayos (Ñandu),Uruguay,XF
N# 4468,1,2000,2000,10 Pesos Uruguayos (José Artigas),Uruguay,XF
N# 22257,1,2011,2011,10 Pesos Uruguayos (Puma),Uruguay,AU
N# 22257,1,2015,2015,10 Pesos Uruguayos (Puma),Uruguay,AU
N# 144053,1,2018,2018,200 Soʻm,Uzbekistan,XF
N# 350296,1,2022,2022,1000 Soʻm,Uzbekistan,AU
N# 1660,1,1999,1999,1 Vatu,Vanuatu,AU
N# 3572,1,1867,1867,1 Soldo / 5 Centesimi - Pius IX,Papal States,VF
N# 14133,1,1989,1989,500 Lire - John Paul II (Land Work),Vatican City,VF
N# 1158,1,1976,1976,"5 Céntimos ""Puya""",Venezuela,XF
N# 5480,1,1971,1971,10 Céntimos,Venezuela,XF
N# 20090,1,1938,1938,"12½ Céntimos ""Locha""",Venezuela,VF
N# 1099,2,1965,1965,25 Céntimos,Venezuela,XF
N# 2625,1,1978,1978,25 Céntimos,Venezuela,XF
N# 2625,1,1978,1978,25 Céntimos,Venezuela,
N# 7295,1,1989,1989,25 Céntimos,Venezuela,XF
N# 7295,1,1990,1990,25 Céntimos,Venezuela,XF
N# 950,1,1965,1965,50 Céntimos,Venezuela,XF
N# 7296,1,1988,1988,50 Céntimos,Venezuela,XF
N# 2972,1,1967,1967,1 Bolívar,Venezuela,XF
N# 1100,1,1977,1977,1 Bolívar,Venezuela,XF
N# 2973,1,1989,1989,1 Bolívar,Venezuela,VF
N# 2973,1,1990,1990,1 Bolívar,Venezuela,AU
N# 5801,1,1986,1986,2 Bolívares,Venezuela,AU
N# 9489,1,1990,1990,2 Bolívares,Venezuela,AU
N# 2795,1,1973,1973,5 Bolívares,Venezuela,XF
N# 5808,1,1977,1977,5 Bolívares,Venezuela,XF
N# 5355,1,1998,1998,10 Bolívares,Venezuela,AU
N# 2538,1,2002,2002,10 Bolívares (non-magnetic),Venezuela,AU
N# 2534,1,2002,2002,20 Bolívares (non-magnetic),Venezuela,XF
N# 2537,1,1998,1998,50 Bolívares,Venezuela,AU
N# 2565,1,2000,2000,50 Bolívares,Venezuela,AU
N# 3963,1,1998,1998,100 Bolívares,Venezuela,XF
N# 2528,1,2001,2001,100 Bolívares,Venezuela,AU
N# 2536,1,1999,1999,500 Bolívares,Venezuela,XF
N# 7643,1,2004,2004,500 Bolívares,Venezuela,XF
N# 4535,1,2007,2007,5 Céntimos,Venezuela,AU
N# 4536,1,2009,2009,10 Céntimos,Venezuela,AU
N# 4537,1,2007,2007,"12½ Céntimos ""Locha""",Venezuela,AU
N# 4539,1,2007,2007,25 Céntimos,Venezuela,
N# 4539,1,2009,2009,25 Céntimos,Venezuela,AU
N# 4538,1,2007,2007,50 Céntimos,Venezuela,XF
N# 4540,1,2009,2009,1 Bolívar,Venezuela,XF
N# 137140,1,2018,2018,50 Céntimos,Venezuela,XF
N# 314942,1,2021,2021,1 Bolívar,Venezuela,AU
N# 6169,1,1960,1960,1 Đồng,South Vietnam,VF
N# 2103,1,2003,2003,500 Đồng,Vietnam,AU
N# 2104,1,2003,2003,1000 Đồng,Vietnam,XF
N# 53892,1,2013,2013,100 Francs CFA,Western African States,XF
N# 57399,1,2004,2004,200 Francs CFA,Western African States,AU
N# 4830,1,1414,1993,1 Rial,Yemen,AU
N# 4867,1,1938,1938,1 Dinar - Petar II,Yugoslavia,AU
N# 2003,1,1953,1953,1 Dinar (FNR legend),Yugoslavia,VG
N# 829,1,1955,1955,10 Dinara (FNR legend),Yugoslavia,VF
N# 4872,1,1963,1963,10 Dinara (SFR legend),Yugoslavia,XF
N# 1909,1,1955,1955,20 Dinara (FNR legend),Yugoslavia,F
N# 2007,1,1965,1965,10 Para,Yugoslavia,AU
N# 2001,1,1975,1975,20 Para,Yugoslavia,VF
N# 2001,1,1980,1980,20 Para,Yugoslavia,
N# 2001,1,1981,1981,20 Para,Yugoslavia,AU
N# 2006,1,1973,1973,50 Para,Yugoslavia,AU
N# 2004,1,1965,1965,1 Dinar,Yugoslavia,AU
N# 2000,1,1974,1974,1 Dinar,Yugoslavia,XF
N# 2000,1,1975,1975,1 Dinar,Yugoslavia,
N# 2000,1,1978,1978,1 Dinar,Yugoslavia,
N# 2000,1,1980,1980,1 Dinar,Yugoslavia,VF
N# 2000,1,1981,1981,1 Dinar,Yugoslavia,
N# 2417,1,1982,1982,1 Dinar,Yugoslavia,AU
N# 2415,1,1973,1973,2 Dinara,Yugoslavia,AU
N# 2415,1,1978,1978,2 Dinara,Yugoslavia,
N# 3288,1,1985,1985,5 Dinara,Yugoslavia,XF
N# 7332,1,1992,1992,10 Dinara,Yugoslavia,AU
N# 4080,1,1994,1994,10 Para (small),Yugoslavia,XF
N# 4080,1,1994,1994,10 Para (small),Yugoslavia,
N# 2628,1,1983,1983,1 Ngwee,Zambia,AU
N# 3514,1,1983,1983,2 Ngwee,Zambia,AU
N# 3515,1,1978,1978,5 Ngwee,Zambia,AU
N# 203711,1,,1986-1987,50 Kwacha,Zambia,
N# 11514,1,1947,1947,1 Penny - George VI,Southern Rhodesia,VF
N# 5350,1,1947,1947,½ Crown - George VI,Southern Rhodesia,VF
N# 2567,1,1990,1990,1 Cent,Zimbabwe,XF
